"","WaterYear","Station","Designation","TotalTests","TotalVars","Failedtests","SumExcursions","FailedVars","F1","F2","NSE","F3","WQI"
"1",2014,"ANACHANT@BRB","Targeted",63,32,14,143.644003803371,11,34.375,22.2222222222222,2.28006355243446,69.5127858343537,53.4243376307763
"2",2015,"ANACHANT@BRB","Targeted",93,31,6,2.04068675412974,2,6.45161290322581,6.45161290322581,0.0219428683239757,2.14717172594617,94.5882190514737
"3",2014,"ANACIT@B01","Eliminated",93,31,7,1.80118196556231,3,9.67741935483871,7.52688172043011,0.019367548016799,1.89995728768088,92.837010359266
"4",2006,"ANACIT@B01","Eliminated",62,31,5,1.37145016342787,3,9.67741935483871,8.06451612903226,0.0221201639262559,2.16414514720912,92.6202535034757
"5",2007,"ANACIT@B01","Eliminated",155,31,20,22.7841875013103,11,35.4838709677419,12.9032258064516,0.14699475807297,12.8156434053745,76.9787610600471
"6",2008,"ANACIT@B01","Eliminated",155,31,15,28.1781390491509,6,19.3548387096774,9.67741935483871,0.181794445478393,15.3829158847334,84.6709678028046
"7",2009,"ANACIT@B01","Eliminated",155,31,15,6.27857118320305,7,22.5806451612903,9.67741935483871,0.0405069108593745,3.89299777220308,85.6388288345084
"8",2010,"ANACIT@B01","Eliminated",155,31,12,2.55078416628559,4,12.9032258064516,7.74193548387097,0.0164566720405522,1.61902346585174,91.2618560945006
"9",2011,"ANACIT@B01","Eliminated",156,32,13,5.66533140091827,5,15.625,8.33333333333333,0.0363162269289633,3.50435764540554,89.5775129244337
"10",2012,"ANACIT@B01","Eliminated",153,31,11,3.60266293389325,3,9.67741935483871,7.18954248366013,0.0235468165613938,2.3005119238707,92.9137889922835
"11",2013,"ANACIT@B01","Eliminated",155,31,11,2.63123602888138,3,9.67741935483871,7.09677419354839,0.0169757163153638,1.66923516884641,93.0044869542393
"12",2012,"ANAE02@LAPAL","Eliminated",153,31,8,1.22564472471986,2,6.45161290322581,5.22875816993464,0.00801074983477035,0.794708770326451,95.1834014001633
"13",2014,"ANAE02@LAPAL","Eliminated",93,31,7,0.992635628465254,3,9.67741935483871,7.52688172043011,0.0106735013813468,1.05607808721201,92.8952931410151
"14",2010,"ANAE02@LAPAL","Eliminated",61,31,8,47.9121532330375,5,16.1290322580645,13.1147540983607,0.785445134967827,43.9915581601997,71.9076609399239
"15",2011,"ANAE02@LAPAL","Eliminated",156,32,10,2.49907513872919,3,9.375,6.41025641025641,0.0160197124277512,1.57671275781378,93.3799358359151
"16",2013,"ANAE02@LAPAL","Eliminated",155,31,11,1.52978291351535,3,9.67741935483871,7.09677419354839,0.00986956718397002,0.977311081023205,93.0482546128529
"17",2012,"ANAE12@ E01","Targeted",164,31,21,10.4827085898604,9,29.0322580645161,12.8048780487805,0.0639189548162218,6.00787818723119,81.3542435624399
"18",2014,"ANAE12@ E01","Targeted",155,31,13,11.7055154111184,5,16.1290322580645,8.38709677419355,0.0755194542652801,7.02167254769647,88.7481076888873
"19",2015,"ANAE12@ E01","Targeted",93,31,8,3.01803045782449,4,12.9032258064516,8.60215053763441,0.0324519404067149,3.14319138127932,90.8642721258432
"20",2006,"ANAE12@ E01","Targeted",61,31,13,36.0517625082244,7,22.5806451612903,21.3114754098361,0.591012500134827,37.146942596915,72.0470789557242
"21",2007,"ANAE12@ E01","Targeted",155,31,24,39.5463906849264,8,25.8064516129032,15.4838709677419,0.25513800441888,20.3274861824463,79.0317121883796
"22",2008,"ANAE12@ E01","Targeted",155,31,24,29.8041904213462,11,35.4838709677419,15.4838709677419,0.192285099492556,16.1274429726912,75.7853145549173
"23",2009,"ANAE12@ E01","Targeted",155,31,17,9.83557253822518,9,29.0322580645161,10.9677419354839,0.063455306698227,5.96689924800323,81.7533029846733
"24",2010,"ANAE12@ E01","Targeted",155,31,15,4.97184881291674,7,22.5806451612903,9.67741935483871,0.0320764439543015,3.1079523364959,85.7027587118991
"25",2011,"ANAE12@ E01","Targeted",156,32,12,10.9254601227805,4,12.5,7.69230769230769,0.0700350007870546,6.545113079062,90.7214359049269
"26",2013,"ANAE12@ E01","Targeted",155,31,11,3.13471101027967,3,9.67741935483871,7.09677419354839,0.0202239420018044,1.98230419510863,92.9773020553832
"27",2012,"ANAHGC03","Random",123,31,10,2.21522214371743,4,12.9032258064516,8.13008130081301,0.018009936127784,1.76913166449913,91.1355557645569
"28",2014,"ANAHGC03","Random",100,31,10,5.31976122457337,6,19.3548387096774,10,0.0531976122457337,5.05105705018647,87.0880894639846
"29",2015,"ANAHGC03","Random",62,31,6,0.935936112222363,3,9.67741935483871,9.67741935483871,0.015095743745522,1.48712511490014,92.051676260665
"30",2006,"ANAHGC03","Random",62,31,6,2.66128050717204,3,9.67741935483871,9.67741935483871,0.0429238791479362,4.11572503095862,91.7486149386537
"31",2007,"ANAHGC03","Random",155,31,20,8.90350592881866,8,25.8064516129032,12.9032258064516,0.057441973734314,5.43216319770814,83.0488432035837
"32",2008,"ANAHGC03","Random",155,31,22,12.1148756332136,8,25.8064516129032,14.1935483870968,0.0781604879562169,7.24942982323341,82.487737924635
"33",2009,"ANAHGC03","Random",153,31,16,15.8945957413912,7,22.5806451612903,10.4575163398693,0.103886246675759,9.41095579264639,84.6393055691465
"34",2010,"ANAHGC03","Random",124,31,14,3.15272882263849,7,22.5806451612903,11.2903225806452,0.025425232440633,2.47948184190065,85.3536977980442
"35",2011,"ANAHGC03","Random",93,31,7,0.928237272155816,3,9.67741935483871,7.52688172043011,0.00998104593715931,0.98824091573896,92.8985473387211
"36",2013,"ANAHGC03","Random",62,31,4,0.917136239087946,2,6.45161290322581,6.45161290322581,0.0147925199852895,1.45768910333552,94.6653183668291
"37",2014,"ANAWASD@CRB","Targeted",62,31,6,1.80262774522719,4,12.9032258064516,9.67741935483871,0.0290746410520515,2.82531897028652,90.5458326654181
"38",2015,"ANAWASD@CRB","Targeted",31,31,3,27.6860415002177,3,9.67741935483871,9.67741935483871,0.893098112910249,47.1765360083368,71.6388058116034
"39",2006,"BPARA01","Eliminated",62,31,6,2.06527965860066,4,12.9032258064516,9.67741935483871,0.0333109622354945,3.22371129823578,90.5034415249579
"40",2007,"BPARA01","Eliminated",62,31,5,2.42774843170625,3,9.67741935483871,8.06451612903226,0.0391572327694557,3.7681720854791,92.4083789612589
"41",2008,"BPARA01","Eliminated",31,31,3,2.26134651230887,3,9.67741935483871,9.67741935483871,0.0729466616873828,6.79872208863229,91.1769012650162
"42",2010,"BPARA01","Eliminated",31,31,7,4.24415694644584,7,22.5806451612903,22.5806451612903,0.136908288595027,12.0421576628855,80.2950685443215
"43",2006,"BPDSA01","Eliminated",31,31,3,0.27575503020902,3,9.67741935483871,9.67741935483871,0.00889532355512969,0.881689442645495,92.0818078279798
"44",2007,"BPDSA01","Eliminated",124,31,28,19.6808202777538,15,48.3870967741936,22.5806451612903,0.158716292562531,13.6975973826626,68.1723436188908
"45",2008,"BPDSA01","Eliminated",31,31,11,153.129690789399,11,35.4838709677419,35.4838709677419,4.93966744481932,83.1640405916628,43.9196369290879
"46",2009,"BPDSA01","Eliminated",62,31,22,29.6208830357706,15,48.3870967741936,35.4838709677419,0.477756177996299,32.329837973954,60.647290578654
"47",2010,"BPDSA01","Eliminated",31,31,8,30.0097567036286,8,25.8064516129032,25.8064516129032,0.968056667858988,49.1884549702585,64.6367889370983
"48",2014,"BRRC@I-90","Targeted",155,31,20,16.9690811022652,8,25.8064516129032,12.9032258064516,0.109477942595259,9.86751862224243,82.3942371339226
"49",2015,"BRRC@I-90","Targeted",92,31,10,12.9810796016113,6,19.3548387096774,10.8695652173913,0.141098691321862,12.3651610850952,85.3292545205417
"50",2006,"BRRC@I-90","Targeted",87,31,12,5.40834021819001,9,29.0322580645161,13.7931034482759,0.062164830094138,5.8526537814878,81.1370036812072
"51",2007,"BRRC@I-90","Targeted",124,31,18,18.8990585000389,8,25.8064516129032,14.5161290322581,0.152411762097088,13.2254604742786,81.2768819424279
"52",2008,"BRRC@I-90","Targeted",153,31,35,52.4450792627587,16,51.6129032258064,22.8758169934641,0.342778295835024,25.5275421786486,64.2272197615959
"53",2009,"BRRC@I-90","Targeted",155,31,22,16.1445454182574,10,32.258064516129,14.1935483870968,0.104158357537145,9.43328072700302,78.9357774185921
"54",2010,"BRRC@I-90","Targeted",146,31,12,2.42362282127616,4,12.9032258064516,8.21917808219178,0.0166001563101107,1.63290908496052,91.1168998522435
"55",2011,"BRRC@I-90","Targeted",155,31,17,54.8878953252785,8,25.8064516129032,10.9677419354839,0.354115453711475,26.1510532754711,77.8623386599989
"56",2012,"BRRC@I-90","Targeted",165,31,17,2.82651049015553,6,19.3548387096774,10.3030303030303,0.0171303666070032,1.68418593814553,87.303188458447
"57",2013,"BRRC@I-90","Targeted",155,31,27,303.046010949156,11,35.4838709677419,17.4193548387097,1.95513555451068,66.1606047657065,55.5023853393866
"58",2012,"CM15NB","Eliminated",164,31,17,11.5593915554192,6,19.3548387096774,10.3658536585366,0.0704840948501171,6.5843196726791,86.7656407384099
"59",2006,"CM15NB","Eliminated",93,31,13,9.12984673965871,7,22.5806451612903,13.9784946236559,0.0981703950500937,8.93945015205182,83.8213753726901
"60",2007,"CM15NB","Eliminated",93,31,7,1.27457724198513,4,12.9032258064516,7.52688172043011,0.0137051316342487,1.35198404413263,91.3399721938172
"61",2008,"CM15NB","Eliminated",155,31,22,15.0100583047917,11,35.4838709677419,14.1935483870968,0.096839085837366,8.8289236851398,77.3534250362579
"62",2009,"CM15NB","Eliminated",155,31,30,37.5824326770087,13,41.9354838709677,19.3548387096774,0.242467307593604,19.5149849104048,71.05075289758
"63",2010,"CM15NB","Eliminated",155,31,23,6.56342996690746,9,29.0322580645161,14.8387096774194,0.0423447094639191,4.0624477756209,81.029618408235
"64",2011,"CM15NB","Eliminated",156,32,20,5.32162158003179,9,28.125,12.8205128205128,0.0341129588463576,3.2987652417018,82.0526722800903
"65",2013,"CM15NB","Eliminated",93,31,7,1.51033121501581,3,9.67741935483871,7.52688172043011,0.0162401205915678,1.59805938207933,92.8616258640309
"66",2014,"CMFWD03INLET","Targeted",124,31,8,1.54845973063685,2,6.45161290322581,6.45161290322581,0.0124875784728778,1.23335621477082,94.6842134795232
"67",2015,"CMFWD03INLET","Targeted",93,31,10,1.76770058572265,5,16.1290322580645,10.752688172043,0.0190075331798134,1.86529859308306,88.7562228512455
"68",2013,"CMFWD03INLET","Targeted",42,31,4,0.701532865308299,2,6.45161290322581,9.52380952380952,0.0167031634597214,1.64287513406396,93.2909708215032
"69",2014,"CMFWPONDC","Targeted",186,31,15,3.43783841158715,4,12.9032258064516,8.06451612903226,0.0184830022128341,1.81475804433422,91.1524621040974
"70",2015,"CMFWPONDC","Targeted",93,31,8,2.13998290460188,3,9.67741935483871,8.60215053763441,0.0230105688666869,2.24929923179372,92.4123143818655
"71",2013,"CMFWPONDC","Targeted",42,31,4,0.85838076669452,2,6.45161290322581,9.52380952380952,0.0204376373022505,2.00283060474737,93.2584476003607
"72",2014,"CMFWPONDE","Targeted",186,31,16,18.2805791862696,5,16.1290322580645,8.60215053763441,0.0982826837971485,8.94876020965302,88.249151984485
"73",2015,"CMFWPONDE","Targeted",93,31,8,2.81421200412908,4,12.9032258064516,8.60215053763441,0.0302603441304202,2.93715508927611,90.8871569414227
"74",2013,"CMFWPONDE","Targeted",31,31,2,0.570214467829825,2,6.45161290322581,6.45161290322581,0.0183940150912847,1.80617863211185,94.62989836087
"75",2014,"COC01S01@MT","Targeted",145,32,24,368.410024037278,11,34.375,16.551724137931,2.54075878646399,71.7574661165027,53.0776469726535
"76",2015,"COC01S01@MT","Targeted",74,32,11,6.16235738437068,5,15.625,14.8648648648649,0.0832750997887929,7.68734551408309,86.780937143892
"77",2010,"COC01S01@MT","Targeted",93,31,12,4.27686295795126,5,16.1290322580645,12.9032258064516,0.0459877737414114,4.3965880764473,87.8071732898396
"78",2011,"COC01S01@MT","Targeted",155,31,16,55.5789936314473,8,25.8064516129032,10.3225806451613,0.35857415246095,26.3934178205453,77.8698748689786
"79",2012,"COC01S01@MT","Targeted",104,31,27,2612.5522329056,12,38.7096774193548,25.9615384615385,25.1206945471693,96.1716178787123,38.2961622301003
"80",2013,"COC01S01@MT","Targeted",95,32,13,26.3880728815779,8,25,13.6842105263158,0.277769188227136,21.7386043415659,79.3045905473152
"81",2014,"COC01S03","Random",93,31,7,1.44226157392918,3,9.67741935483871,7.52688172043011,0.0155081889669804,1.52713578634516,92.8668031282772
"82",2015,"COC01S03","Random",63,32,7,6.36018794827101,5,15.625,11.1111111111111,0.10095536425827,9.16979630016928,87.7293156999286
"83",2008,"COC01S03","Random",53,31,6,8.39814265955345,3,9.67741935483871,11.3207547169811,0.158455521878367,13.6781705370475,88.324837296913
"84",2009,"COC01S03","Random",154,31,14,18.5671271851536,5,16.1290322580645,9.09090909090909,0.120565760942556,10.7593650586952,87.6363280862228
"85",2010,"COC01S03","Random",123,31,18,51.936058007888,8,25.8064516129032,14.6341463414634,0.42224437404787,29.6885951354558,75.7674652923014
"86",2011,"COC01S03","Random",93,31,14,46.2419846253887,9,29.0322580645161,15.0537634408602,0.497225641133212,33.2098000109639,73.089617415603
"87",2012,"COC01S03","Random",134,31,22,52.4442749897924,12,38.7096774193548,16.4179104477612,0.391375186490988,28.1286593501805,70.7917903364267
"88",2013,"COC01S03","Random",62,31,4,0.968311896072732,2,6.45161290322581,6.45161290322581,0.0156179338076247,1.53777648934102,94.657828236071
"89",2012,"COF07S01","Targeted",153,31,21,18.2053673927798,10,32.258064516129,13.7254901960784,0.118989329364574,10.6336428991814,78.8487596364403
"90",2014,"COF07S01","Targeted",155,31,12,5.38767518205602,4,12.9032258064516,7.74193548387097,0.0347591947229421,3.3591578504648,91.098152074563
"91",2015,"COF07S01","Targeted",92,32,17,78.8390032016438,13,40.625,18.4782608695652,0.856945686974389,46.1481287786425,62.9337154654128
"92",2007,"COF07S01","Targeted",62,31,5,1.43293082757163,3,9.67741935483871,8.06451612903226,0.0231117875414779,2.25896992126493,92.6107866780162
"93",2008,"COF07S01","Targeted",155,31,17,121.115422412395,9,29.0322580645161,10.9677419354839,0.781389822015453,43.8640556019004,68.9764168264844
"94",2009,"COF07S01","Targeted",155,31,12,3.13584222926647,5,16.1290322580645,7.74193548387097,0.020231240188816,1.98300536112497,89.607140802322
"95",2010,"COF07S01","Targeted",154,31,21,121.711332110614,9,29.0322580645161,13.6363636363636,0.790333325393597,44.1444793650281,68.4948037429906
"96",2011,"COF07S01","Targeted",156,32,13,9.41099760371127,5,15.625,8.33333333333333,0.0603269077160979,5.68946305871268,89.2610466592903
"97",2013,"COF07S01","Targeted",155,31,13,3.82564647721211,5,16.1290322580645,8.38709677419355,0.024681590175562,2.40870826725141,89.4121031420362
"98",2014,"COF13@FH","Random",93,31,8,2.69690598230994,4,12.9032258064516,8.60215053763441,0.0289989890570961,2.81817468874957,90.8996902211516
"99",2015,"COF13@FH","Random",62,31,4,1.64156566991142,2,6.45161290322581,6.45161290322581,0.0264768656437325,2.57939233994603,94.5256611545195
"100",2006,"COF13@FH","Random",31,31,2,0.359010434149163,2,6.45161290322581,6.45161290322581,0.0115809817467472,1.14483980578102,94.6908181022049
"101",2007,"COF13@FH","Random",93,31,5,0.834922380690515,2,6.45161290322581,5.37634408602151,0.00897766000742489,0.889777877476378,95.1240633784194
"102",2008,"COF13@FH","Random",93,31,7,1.33604197543143,4,12.9032258064516,7.52688172043011,0.0143660427465745,1.4162582481247,91.336548381845
"103",2009,"COF13@FH","Random",92,31,9,68.0981202947996,6,19.3548387096774,9.78260869565217,0.740196959726083,42.535240369722,72.4337789467405
"104",2010,"COF13@FH","Random",93,31,9,2.04568420906086,5,16.1290322580645,9.67741935483871,0.0219966043985039,2.15231677911983,89.0691320315556
"105",2011,"COF13@FH","Random",93,31,9,4.27522724091895,5,16.1290322580645,9.67741935483871,0.0459701853862253,4.39498047157537,88.8474835286024
"106",2012,"COF13@FH","Random",104,31,8,2.0158666676189,2,6.45161290322581,7.69230769230769,0.0193833333424895,1.90147638366156,94.100377274765
"107",2013,"COF13@FH","Random",93,31,7,1.80192979850344,3,9.67741935483871,7.52688172043011,0.0193755892312197,1.90073113736539,92.8369419213606
"108",2006,"COSACC@F01","Eliminated",59,31,6,3.44323007592817,4,12.9032258064516,10.1694915254237,0.0583598317953927,5.51417675181338,89.9944089124411
"109",2007,"COSACC@F01","Eliminated",155,31,24,24.7280796176918,10,32.258064516129,15.4838709677419,0.159535997533495,13.7586067075841,77.8661761965246
"110",2008,"COSACC@F01","Eliminated",93,31,21,70.6220746007006,12,38.7096774193548,22.5806451612903,0.759377146244092,43.1617034394931,64.0765423309686
"111",2009,"COSACC@F01","Eliminated",31,31,2,0.587835634178683,2,6.45161290322581,6.45161290322581,0.0189624398122156,1.86095572038064,94.6236672482929
"112",2014,"CYPB00P01","Random",93,31,6,1.35943894130166,2,6.45161290322581,6.45161290322581,0.014617623024749,1.44070265418527,94.6668568333131
"113",2015,"CYPB00P01","Random",31,31,2,0.437129668644941,2,6.45161290322581,6.45161290322581,0.0141009570530626,1.39048848687013,94.6713017892863
"114",2006,"CYPB00P01","Random",31,31,3,2.60393691861972,3,9.67741935483871,9.67741935483871,0.083997965116765,7.74890431715128,90.9195278953397
"115",2007,"CYPB00P01","Random",31,31,4,1.61017408235326,4,12.9032258064516,12.9032258064516,0.0519410994307502,4.93764332041572,89.0853651651734
"116",2008,"CYPB00P01","Random",31,31,4,1.11784614777438,4,12.9032258064516,12.9032258064516,0.0360595531540122,3.48045177945981,89.2743257543843
"117",2009,"CYPB00P01","Random",31,31,2,0.334473638478038,2,6.45161290322581,6.45161290322581,0.010789472208969,1.06743021228642,94.6961970781486
"118",2011,"CYPB00P01","Random",62,31,7,2.48933162539856,5,16.1290322580645,11.2903225806452,0.0401505100870736,3.86006733618892,88.4163793638945
"119",2012,"CYPB00P01","Random",103,31,8,2.13465599207738,2,6.45161290322581,7.76699029126214,0.0207248154570619,2.03040184222245,94.0536228919603
"120",2013,"CYPB00P01","Random",93,31,6,1.48248238954633,2,6.45161290322581,6.45161290322581,0.0159406708553369,1.56905529157684,94.654797130627
"121",2014,"CYPB0178@VL","Targeted",186,31,20,7.95122347190492,8,25.8064516129032,10.752688172043,0.0427485132898114,4.09959954341649,83.6859282989262
"122",2015,"CYPB0178@VL","Targeted",79,32,9,3.14937329100855,5,15.625,11.3924050632911,0.0398654846963108,3.83371554138595,88.6180304334288
"123",2013,"CYPB0178@VL","Targeted",31,31,3,0.487147166020335,3,9.67741935483871,9.67741935483871,0.0157144247103334,1.54713020983382,92.0478591507957
"124",2012,"CYPB01PS1","Eliminated",164,31,15,5.58922731323458,5,16.1290322580645,9.14634146341463,0.0340806543489913,3.2957443121733,89.1267302917467
"125",2009,"CYPB01PS1","Eliminated",62,31,4,0.72896265560166,3,9.67741935483871,6.45161290322581,0.0117574621871235,1.16208307094739,93.2513159959451
"126",2010,"CYPB01PS1","Eliminated",155,31,17,5.33648225382094,8,25.8064516129032,10.9677419354839,0.0344289177665867,3.32830194276871,83.6967418187781
"127",2011,"CYPB01PS1","Eliminated",156,32,19,254.590022559807,10,31.25,12.1794871794872,1.63198732410133,62.0058960450563,59.2981363193032
"128",2013,"CYPB01PS1","Eliminated",31,31,2,0.488969511716099,2,6.45161290322581,6.45161290322581,0.015773210055358,1.5528279245028,94.6563770646023
"129",2009,"CYPB01PS2","Eliminated",62,31,7,0.855346044902584,5,16.1290322580645,11.2903225806452,0.0137959039500417,1.36081669853753,88.6056777614802
"130",2010,"CYPB01PS2","Eliminated",155,31,25,50.7156525127762,12,38.7096774193548,16.1290322580645,0.327197758146943,24.653278393401,71.9137769350777
"131",2011,"CYPB01PS2","Eliminated",76,31,10,2.55045525939267,4,12.9032258064516,13.1578947368421,0.0335586218341141,3.24690067163894,89.1958906220092
"132",2010,"CYPB01PS3","Eliminated",62,31,6,1.6324068739567,4,12.9032258064516,9.67741935483871,0.0263291431283339,2.56537031074462,90.5705699128801
"133",2011,"CYPB01PS3","Eliminated",31,31,6,486.042362470387,6,19.3548387096774,19.3548387096774,15.6787858861415,94.0043597488058,43.4709466182791
"134",2006,"CYPB01S01","Eliminated",62,31,5,2.06139626675046,3,9.67741935483871,8.06451612903226,0.033248326883072,3.21784473470863,92.4932628416067
"135",2007,"CYPB01S01","Eliminated",155,31,12,11.5235037167661,4,12.9032258064516,7.74193548387097,0.0743451852694588,6.92004639559232,90.4373306093692
"136",2008,"CYPB01S01","Eliminated",155,31,14,3.70085928161084,6,19.3548387096774,9.03225806451613,0.0238765114942635,2.33197179798741,87.5949386197317
"137",2009,"CYPB01S01","Eliminated",102,31,10,3.72723872446608,4,12.9032258064516,9.80392156862745,0.0365415561222164,3.52533440713378,90.4247848843445
"138",2012,"CYPSTANT@VV","Targeted",164,31,24,36.8364291695297,8,25.8064516129032,14.6341463414634,0.224612372984937,18.3415077243957,79.86203035513
"139",2014,"CYPSTANT@VV","Targeted",33,31,5,3.14141660504264,3,9.67741935483871,15.1515151515152,0.0951944425770497,8.69201293179065,88.4703954743193
"140",2015,"CYPSTANT@VV","Targeted",32,31,3,1.25265733949431,2,6.45161290322581,9.375,0.0391455418591973,3.76708942898987,93.0786964618653
"141",2011,"CYPSTANT@VV","Targeted",63,32,10,24.2664413614551,8,25,15.8730158730159,0.385181608911985,27.8073002437949,76.5458219991723
"142",2013,"CYPSTANT@VV","Targeted",64,32,9,10.0044306805776,6,18.75,14.0625,0.156319229384024,13.5186915007282,84.3782803245826
"143",2014,"FULA0272@AH","Targeted",62,31,4,0.829694593430033,2,6.45161290322581,6.45161290322581,0.0133821708617747,1.32054532303392,94.6772361673114
"144",2015,"FULA0272@AH","Targeted",92,31,10,4.24197778964546,5,16.1290322580645,10.8695652173913,0.0461084542352767,4.40761701605622,88.4856097042961
"145",2014,"FULA03S05","Targeted",136,32,24,21.2546605358858,10,31.25,17.6470588235294,0.156284268646219,13.5160767022453,77.8583966355369
"146",2015,"FULA03S05","Targeted",31,31,2,0.541168824676298,2,6.45161290322581,6.45161290322581,0.0174570588605258,1.71575386975803,94.6397920982612
"147",2006,"FULA03S05","Targeted",62,31,10,16.6778839041306,8,25.8064516129032,16.1290322580645,0.268998127485977,21.1976772589012,78.5870689691203
"148",2007,"FULA03S05","Targeted",155,31,22,112.342336904526,8,25.8064516129032,14.1935483870968,0.724789270351781,42.0219027802716,70.3721720439387
"149",2008,"FULA03S05","Targeted",155,31,24,14.9620138795262,11,35.4838709677419,15.4838709677419,0.0965291218033947,8.80315167960511,77.0766252981072
"150",2009,"FULA03S05","Targeted",151,31,22,23.4117913820663,8,25.8064516129032,14.5695364238411,0.155044976040174,13.4232847427044,81.2162214674683
"151",2010,"FULA03S05","Targeted",186,31,35,1011.32617135347,12,38.7096774193548,18.8172043010753,5.43723748039501,84.4653859198832,45.2659308223249
"152",2011,"FULA03S05","Targeted",155,31,18,7.04734981912033,8,25.8064516129032,11.6129032258065,0.0454667730265828,4.34894481581259,83.4692823127524
"153",2012,"FULA03S05","Targeted",134,31,21,11.3157678180492,8,25.8064516129032,15.6716417910448,0.0844460284929043,7.78701994144071,81.9975184991235
"154",2013,"FULA03S05","Targeted",156,32,22,18.7153412427219,10,31.25,14.1025641025641,0.119970136171294,10.7119049246636,79.2614254993817
"155",2014,"FULB01@SCO","Eliminated",93,31,7,2.18185314089486,3,9.67741935483871,7.52688172043011,0.0234607864612351,2.29229949711646,92.7988390387427
"156",2006,"FULB01@SCO","Eliminated",62,31,4,1.32786510594839,2,6.45161290322581,6.45161290322581,0.0214171791281999,2.09681015415071,94.594805801621
"157",2007,"FULB01@SCO","Eliminated",155,31,11,3.72224013721853,3,9.67741935483871,7.09677419354839,0.0240144524981841,2.34512827817991,92.9401357874037
"158",2008,"FULB01@SCO","Eliminated",123,31,16,5.79590090077445,7,22.5806451612903,13.0081300813008,0.0471211455347516,4.50006627558719,84.7314199372769
"159",2009,"FULB01@SCO","Eliminated",155,31,15,7.14825761663295,6,19.3548387096774,9.67741935483871,0.0461177910750513,4.40847019986707,87.2495039367544
"160",2010,"FULB01@SCO","Eliminated",192,31,12,2.88008465396857,2,6.45161290322581,6.25,0.0150004409060863,1.47787530936395,94.7440577606367
"161",2011,"FULB01@SCO","Eliminated",155,31,10,3.04184742627445,3,9.67741935483871,6.45161290322581,0.0196248221049964,1.92471011685272,93.193424320469
"162",2012,"FULB01@SCO","Eliminated",134,31,13,4.66550562565737,3,9.67741935483871,9.70149253731343,0.0348172061616222,3.36457549742213,91.8533554589502
"163",2013,"FULB01@SCO","Eliminated",155,31,12,4.50204280772135,4,12.9032258064516,7.74193548387097,0.02904543746917,2.82256122145629,91.1604787981599
"164",2012,"FVES@D05","Targeted",160,31,17,7.71695303905472,3,9.67741935483871,10.625,0.048230956494092,4.60117650554846,91.2874179945779
"165",2014,"FVES@D05","Targeted",155,31,17,9.72791381199277,5,16.1290322580645,10.9677419354839,0.0627607342709211,5.90544345938566,88.2337251213964
"166",2015,"FVES@D05","Targeted",93,31,12,64.4785441261374,6,19.3548387096774,12.9032258064516,0.693317678775671,40.9443359309261,72.8113273223039
"167",2006,"FVES@D05","Targeted",62,31,4,0.729135867715081,2,6.45161290322581,6.45161290322581,0.0117602559308884,1.16235598917336,94.6895495198196
"168",2007,"FVES@D05","Targeted",152,31,13,7.01949424240082,5,16.1290322580645,8.55263157894737,0.0461808831736896,4.41423504447868,89.1556565113868
"169",2008,"FVES@D05","Targeted",155,31,17,6.52926346762271,5,16.1290322580645,10.9677419354839,0.0421242804362756,4.04215516585418,88.4992849204259
"170",2009,"FVES@D05","Targeted",155,31,15,4.20901787619961,5,16.1290322580645,9.67741935483871,0.0271549540399975,2.64370569729444,89.0332552050075
"171",2010,"FVES@D05","Targeted",155,31,16,2.58265297858434,4,12.9032258064516,10.3225806451613,0.0166622772811893,1.63891959537915,90.4126621312518
"172",2011,"FVES@D05","Targeted",146,31,17,4.33581744382624,5,16.1290322580645,11.6438356164384,0.0296973797522345,2.88408811522666,88.3944516297701
"173",2013,"FVES@D05","Targeted",155,31,14,5.27280193685233,3,9.67741935483871,9.03225806451613,0.0340180770119505,3.28989190500945,92.1245436984055
"174",2014,"GGABCRCB@EUC","Targeted",62,31,5,1.43571642364669,3,9.67741935483871,8.06451612903226,0.0231567165104304,2.26326193600219,92.6103488765734
"175",2015,"GGABCRCB@EUC","Targeted",93,31,9,4.59991325677063,5,16.1290322580645,9.67741935483871,0.0494614328685014,4.71303006660359,88.80427403049
"176",2012,"GGBEL@VV","Eliminated",173,32,26,16.8684469004507,11,34.375,15.028901734104,0.0975054734130098,8.88428128834641,77.7399747238877
"177",2009,"GGBEL@VV","Eliminated",61,31,10,5.57570174117924,8,25.8064516129032,16.3934426229508,0.0914049465767088,8.37498005331649,81.6977492102372
"178",2010,"GGBEL@VV","Eliminated",62,31,6,1.93676479682627,5,16.1290322580645,9.67741935483871,0.0312381418842946,3.02918798437922,89.0000696589163
"179",2011,"GGBEL@VV","Eliminated",156,32,18,42.0719779755437,6,18.75,11.5384615384615,0.269692166509895,21.2407521778464,82.3372043054603
"180",2013,"GGBEL@VV","Eliminated",93,31,7,5.50795109671278,3,9.67741935483871,7.52688172043011,0.0592252806098149,5.5913771785845,92.2200997161217
"181",2007,"GGC02VVC@SP","Eliminated",62,31,4,0.459084461679355,3,9.67741935483871,6.45161290322581,0.00740458809160251,0.735016316098931,93.2713554671815
"182",2008,"GGC02VVC@SP","Eliminated",93,31,9,88.284817258304,6,19.3548387096774,9.67741935483871,0.949299110304344,48.6995097512834,69.2316662006397
"183",2009,"GGC02VVC@SP","Eliminated",31,31,3,1.22142131061293,3,9.67741935483871,9.67741935483871,0.0394006874391268,3.79071208199815,91.8006865920427
"184",2014,"GGC04@MAL","Random",124,31,10,18.2356418310581,4,12.9032258064516,8.06451612903226,0.147061627669823,12.8207259420375,88.5119787340048
"185",2015,"GGC04@MAL","Random",42,32,7,2.80985775132717,4,12.5,16.6666666666667,0.0669013750315993,6.27062412677252,87.4384677669583
"186",2006,"GGC04@MAL","Random",31,31,3,0.323101644643413,3,9.67741935483871,9.67741935483871,0.0104226336981746,1.03151229501139,92.0757763791883
"187",2007,"GGC04@MAL","Random",93,31,9,3.20741099595205,5,16.1290322580645,9.67741935483871,0.0344882902790543,3.33385023331207,88.9707344790313
"188",2008,"GGC04@MAL","Random",62,31,6,2.02647055322654,4,12.9032258064516,9.67741935483871,0.0326850089230087,3.16505116667628,90.5100214089555
"189",2009,"GGC04@MAL","Random",62,31,6,1.7869968859416,4,12.9032258064516,9.67741935483871,0.0288225304184128,2.80150653453234,90.5481951690188
"190",2010,"GGC04@MAL","Random",124,31,17,22.9668504336518,10,32.258064516129,13.7096774193548,0.185216535755256,15.6272318321336,77.8427230741169
"191",2011,"GGC04@MAL","Random",93,31,10,1.55615419939374,5,16.1290322580645,10.752688172043,0.0167328408536962,1.6457460781582,88.7676557834289
"192",2012,"GGC04@MAL","Random",103,31,8,1.03479954197347,2,6.45161290322581,7.76699029126214,0.010046597494888,0.994666733178997,94.1421036603334
"193",2013,"GGC04@MAL","Random",93,31,9,5.4423454862533,5,16.1290322580645,9.67741935483871,0.0585198439382075,5.52845978970836,88.6806280333595
"194",2010,"GGC05@TR","Eliminated",62,31,11,12.2718631726885,8,25.8064516129032,17.741935483871,0.197933276978847,16.5228966239279,79.5563466215916
"195",2011,"GGC05@TR","Eliminated",31,31,7,34.650026784799,7,22.5806451612903,22.5806451612903,1.11774279950964,52.77991263946,64.3829932075717
"196",2006,"GGHKWC02S01","Eliminated",31,31,2,0.394307520538586,2,6.45161290322581,6.45161290322581,0.0127195974367286,1.25598413113786,94.6824475904853
"197",2006,"GGKHC02S01","Eliminated",124,31,31,62.147511833071,10,32.258064516129,25,0.501189611557024,33.3861630601875,69.5567099569484
"198",2007,"GGKHC02S01","Eliminated",124,31,28,16.5546016660695,12,38.7096774193548,22.5806451612903,0.133504852145722,11.778057402489,73.246973594967
"199",2008,"GGKHC02S01","Eliminated",155,31,17,95.4358524426488,8,25.8064516129032,10.9677419354839,0.615715177049347,38.1079032861336,72.6832900190917
"200",2009,"GGKHC02S01","Eliminated",93,31,18,33.6986477850505,9,29.0322580645161,19.3548387096774,0.362351051452156,26.5974802211162,74.6687236901268
"201",2006,"GGKNOTT@BEL","Eliminated",124,31,8,2.24127330890118,2,6.45161290322581,6.45161290322581,0.0180747847492031,1.77538870620941,94.6333221890111
"202",2007,"GGKNOTT@BEL","Eliminated",124,31,10,3.74491828871172,4,12.9032258064516,8.06451612903226,0.0302009539412235,2.93155950066676,91.05316097166
"203",2008,"GGKNOTT@BEL","Eliminated",155,31,10,2.03660461645039,3,9.67741935483871,6.45161290322581,0.0131393846222606,1.29689802032121,93.2431335117363
"204",2009,"GGKNOTT@BEL","Eliminated",93,31,7,2.56040165403761,3,9.67741935483871,7.52688172043011,0.0275312005810496,2.67935421965593,92.7544364719108
"205",2014,"GGSHAN84@CHP","Targeted",155,31,15,18.834291794261,6,19.3548387096774,9.67741935483871,0.121511559962974,10.8346239397645,86.027578795013
"206",2015,"GGSHAN84@CHP","Targeted",103,31,8,1.8667485591447,2,6.45161290322581,7.76699029126214,0.0181237724188806,1.78011484554788,94.0804160224873
"207",2013,"GGSHAN84@CHP","Targeted",31,31,6,2.35470756339331,6,19.3548387096774,19.3548387096774,0.0759583084965585,7.05959588738112,83.6792122551616
"208",2010,"HBC04@BOLAVE","Eliminated",61,31,5,1.25872318199889,3,9.67741935483871,8.19672131147541,0.0206348062622769,2.02176195987718,92.585242568852
"209",2011,"HBC04@BOLAVE","Eliminated",156,32,14,1.55209163101284,3,9.375,8.97435897435897,0.00994930532700538,0.985129181685407,92.4853440479114
"210",2012,"HBC04@BOLAVE","Eliminated",164,31,12,2.68972749325696,2,6.45161290322581,7.31707317073171,0.0164007773979083,1.61361322842511,94.2911661299389
"211",2013,"HBC04@BOLAVE","Eliminated",93,31,6,1.23695493295053,2,6.45161290322581,6.45161290322581,0.0133005906768875,1.31260070301574,94.6778912736972
"212",2010,"HBC04@BOLCHI","Eliminated",62,31,10,9.38492061296714,6,19.3548387096774,16.1290322580645,0.151369687305922,13.1469230929737,83.5922332244905
"213",2011,"HBC04@BOLCHI","Eliminated",156,32,29,60.188562297516,7,21.875,18.5897435897436,0.385824117291769,27.840770879768,76.9110665735784
"214",2012,"HBC04@BOLCHI","Eliminated",166,32,23,10.2012966580602,5,15.625,13.855421686747,0.0614535943256636,5.78956957272398,87.4878724918327
"215",2013,"HBC04@BOLCHI","Eliminated",93,31,11,11.4213439369177,4,12.9032258064516,11.8279569892473,0.122810149859331,10.9377484586078,88.0828815114134
"216",2014,"HBC05S04@BRG","Targeted",186,31,24,5.14200486323146,6,19.3548387096774,12.9032258064516,0.0276451874367283,2.69014906844298,86.4799890179653
"217",2015,"HBC05S04@BRG","Targeted",93,31,31,48.8360793029571,15,48.3870967741936,33.3333333333333,0.525119132289861,34.4313517004689,60.6798934651978
"218",2006,"HBC05S04@BRG","Targeted",62,31,6,2.27841198699587,4,12.9032258064516,9.67741935483871,0.0367485804354172,3.54459905987847,90.4653987324354
"219",2007,"HBC05S04@BRG","Targeted",155,31,19,14.0773002614759,9,29.0322580645161,12.258064516129,0.090821292009522,8.32595519310135,81.1805418236263
"220",2008,"HBC05S04@BRG","Targeted",155,31,24,10.0536847960083,7,22.5806451612903,15.4838709677419,0.0648624825548922,6.09116046602277,83.8055133880444
"221",2009,"HBC05S04@BRG","Targeted",124,31,31,29.2948620651145,13,41.9354838709677,25,0.236248887621891,19.1101395509727,69.7293127899691
"222",2010,"HBC05S04@BRG","Targeted",155,31,31,47.0339537510154,10,32.258064516129,20,0.303444862909777,23.2802223971618,74.2922333544974
"223",2011,"HBC05S04@BRG","Targeted",93,32,8,1.53245529120701,4,12.5,8.60215053763441,0.0164780138839464,1.62108906035106,91.1892378988197
"224",2012,"HBC05S04@BRG","Targeted",164,31,27,9.1332658163746,6,19.3548387096774,16.4634146341463,0.0556906452217964,5.27528073435717,85.0164323006312
"225",2013,"HBC05S04@BRG","Targeted",124,31,15,3.65146563186138,6,19.3548387096774,12.0967741935484,0.029447303482753,2.86049644145252,86.7189958834523
"226",2014,"HBMC@C05","Random",93,31,11,1.53089162384563,6,19.3548387096774,11.8279569892473,0.0164612002564047,1.61946174160433,86.8703472424797
"227",2015,"HBMC@C05","Random",72,31,7,1.58428088167727,3,9.67741935483871,9.72222222222222,0.0220039011344066,2.15301537596702,91.9829174534906
"228",2006,"HBMC@C05","Random",62,31,7,17.1642397186827,5,16.1290322580645,11.2903225806452,0.276842576107786,21.681809589377,83.0907495235004
"229",2007,"HBMC@C05","Random",155,31,21,33.1524388501029,10,32.258064516129,13.5483870967742,0.213886702258728,17.6199889051211,77.3821931232606
"230",2008,"HBMC@C05","Random",155,31,19,6.67983495190471,8,25.8064516129032,12.258064516129,0.0430957093671272,4.131520145287,83.333152275723
"231",2009,"HBMC@C05","Random",155,31,14,7.6654525723708,6,19.3548387096774,9.03225806451613,0.0494545327249729,4.71240355659441,87.3716419360094
"232",2010,"HBMC@C05","Random",124,31,9,4.5884126194541,3,9.67741935483871,7.25806451612903,0.0370033275762427,3.56829400564504,92.7181961863429
"233",2011,"HBMC@C05","Random",124,31,11,2.92846841272314,5,16.1290322580645,8.87096774193548,0.0236166807477672,2.3071801380293,89.2888994882238
"234",2012,"HBMC@C05","Random",103,31,14,4.97704208175928,6,19.3548387096774,13.5922330097087,0.0483207969102843,4.60935212319551,86.0879096849219
"235",2013,"HBMC@C05","Random",93,31,11,6.72749138762679,6,19.3548387096774,11.8279569892473,0.0723386170712558,6.74587447655529,86.3367887286238
"236",2014,"HBMC@HEIL","Targeted",186,31,20,10.3979000664074,7,22.5806451612903,10.752688172043,0.0559026885290722,5.29430307701438,85.239988404539
"237",2015,"HBMC@HEIL","Targeted",104,31,10,3.55594829970745,4,12.9032258064516,9.61538461538462,0.0341918105741101,3.30613820613502,90.5150076224548
"238",2013,"HBMC@HEIL","Targeted",31,31,2,0.217986349666598,2,6.45161290322581,6.45161290322581,0.00703181773118057,0.698271654119439,94.7167209013158
"239",2014,"IRVF05P07","Random",112,31,14,4.73586042738852,6,19.3548387096774,12.5,0.0422844681016832,4.05690283178604,86.4925902645387
"240",2015,"IRVF05P07","Random",62,31,9,8.9504448925781,7,22.5806451612903,14.5161290322581,0.144362014396421,12.6150652136564,82.8750180246575
"241",2006,"IRVF05P07","Random",31,31,4,0.349531432718954,4,12.9032258064516,12.9032258064516,0.011275207507063,1.11494946413826,89.4446033704999
"242",2007,"IRVF05P07","Random",124,31,16,7.61448100406679,8,25.8064516129032,12.9032258064516,0.0614071048715064,5.78544317158498,83.0099211459332
"243",2008,"IRVF05P07","Random",62,31,13,21.6399898614891,11,35.4838709677419,20.9677419354839,0.349032094540147,25.8727791542368,71.9031974439109
"244",2009,"IRVF05P07","Random",91,31,9,98.4664293670968,4,12.9032258064516,9.89010989010989,1.0820486743637,51.9703831945422,68.5600985502963
"245",2010,"IRVF05P07","Random",93,31,20,53.2603327400454,12,38.7096774193548,21.505376344086,0.572691749892961,36.4147487854463,66.8984032979153
"246",2011,"IRVF05P07","Random",93,31,8,1.72751626919642,4,12.9032258064516,8.60215053763441,0.0185754437548003,1.8236689161016,90.9846371285626
"247",2012,"IRVF05P07","Random",92,31,8,21.195586962322,3,9.67741935483871,8.69565217391304,0.230386814807847,18.7247467247792,86.8354838853898
"248",2013,"IRVF05P07","Random",93,31,11,10.3755233255508,4,12.9032258064516,11.8279569892473,0.111564766941407,10.0367311252937,88.3501979876437
"249",2014,"IRVF05TBN1","Random",93,31,13,3.15797151673511,6,19.3548387096774,13.9784946236559,0.0339566829756463,3.28414947499751,86.0856452248449
"250",2015,"IRVF05TBN1","Random",62,31,10,4.39969817812702,6,19.3548387096774,16.1290322580645,0.0709628738407583,6.62608159200389,84.9589424418383
"251",2007,"IRVF05TBN1","Random",61,31,9,3.97818650332316,6,19.3548387096774,14.7540983606557,0.0652161721856255,6.12234153860189,85.5107716461416
"252",2008,"IRVF05TBN1","Random",155,31,26,11.8409521068096,10,32.258064516129,16.7741935483871,0.0763932393987714,7.09714968494614,78.6114801534287
"253",2009,"IRVF05TBN1","Random",155,31,31,19.8262792146624,10,32.258064516129,20,0.127911478804274,11.3405600712457,77.1287437040548
"254",2010,"IRVF05TBN1","Random",124,31,26,12.573672529194,11,35.4838709677419,20.9677419354839,0.101400584912855,9.20651271679488,75.61683766799
"255",2011,"IRVF05TBN1","Random",155,31,28,22.5398296883955,10,32.258064516129,18.0645161290323,0.145418256054165,12.6956467897686,77.4302668022258
"256",2012,"IRVF05TBN1","Random",103,31,23,15.8349631588245,10,32.258064516129,22.3300970873786,0.153737506396354,13.325171934173,76.0773685061046
"257",2013,"IRVF05TBN1","Random",62,31,9,3.91439415548657,5,16.1290322580645,14.5161290322581,0.0631353896046221,5.93860294953609,87.0107687756667
"258",2012,"IRVF05TBN2","Targeted",162,31,27,44.3822643424172,7,22.5806451612903,16.6666666666667,0.273964594706279,21.5048829335358,79.5859799114023
"259",2014,"IRVF05TBN2","Targeted",192,31,28,42.534539825187,5,16.1290322580645,14.5833333333333,0.221534061589516,18.1357252782002,83.6520045950275
"260",2015,"IRVF05TBN2","Targeted",89,31,16,14.2291422156453,6,19.3548387096774,17.9775280898876,0.159878002422981,13.7840360873295,82.7967732102837
"261",2007,"IRVF05TBN2","Targeted",61,31,8,8.78476166742147,6,19.3548387096774,13.1147540983607,0.144012486351172,12.5883666541525,84.6690411443796
"262",2008,"IRVF05TBN2","Targeted",155,31,21,38.0174132873849,7,22.5806451612903,13.5483870967742,0.245273634112161,19.6963645092376,81.0135614271797
"263",2009,"IRVF05TBN2","Targeted",155,31,22,37.1186000524878,6,19.3548387096774,14.1935483870968,0.239474839048309,19.3206696500739,82.2103909376352
"264",2010,"IRVF05TBN2","Targeted",155,31,23,39.432355088412,6,19.3548387096774,14.8387096774194,0.254402290892981,20.2807578350226,81.6863870932694
"265",2011,"IRVF05TBN2","Targeted",164,32,22,34.5168735505884,4,12.5,13.4146341463415,0.210468741162124,17.3873751551867,85.4104982231021
"266",2013,"IRVF05TBN2","Targeted",124,31,16,28.5274004325893,4,12.9032258064516,12.9032258064516,0.230059680907978,18.7031316023754,84.9132103731413
"267",2012,"IRVF06P06","Targeted",162,31,26,12.9473350196015,7,22.5806451612903,16.0493827160494,0.0799218211086515,7.40070434233874,83.444166314561
"268",2014,"IRVF06P06","Targeted",193,32,32,17.8906526376218,12,37.5,16.580310880829,0.0926976820602168,8.48337866750489,75.8254453434915
"269",2015,"IRVF06P06","Targeted",78,31,9,2.49138481354038,5,16.1290322580645,11.5384615384615,0.0319408309428254,3.09521922043175,88.4114166202915
"270",2006,"IRVF06P06","Targeted",31,31,6,30.1435058788801,6,19.3548387096774,19.3548387096774,0.972371157383228,49.2996033603171,67.4430908200688
"271",2007,"IRVF06P06","Targeted",124,31,22,43.407991369821,10,32.258064516129,17.741935483871,0.350064446530814,25.929461917937,74.0011861710402
"272",2008,"IRVF06P06","Targeted",124,31,24,18.0360421479884,14,45.1612903225806,19.3548387096774,0.145451952806358,12.698215097543,70.6995580776253
"273",2009,"IRVF06P06","Targeted",155,31,29,22.1153788154516,9,29.0322580645161,18.7096774193548,0.142679863325494,12.4864249300989,78.7953308500001
"274",2010,"IRVF06P06","Targeted",155,31,40,98.2999221571834,15,48.3870967741936,25.8064516129032,0.634193046175377,38.8077190549566,61.2117374519406
"275",2011,"IRVF06P06","Targeted",156,32,39,88.8555078960248,17,53.125,25,0.569586589077082,36.2889561519508,60.1484693851923
"276",2013,"IRVF06P06","Targeted",124,31,22,14.8798412482196,11,35.4838709677419,17.741935483871,0.119998719743707,10.7141836529212,76.2739652163171
"277",2014,"IRVF08P01","Random",112,31,20,11.352484753058,8,25.8064516129032,17.8571428571429,0.101361471009447,9.20328826434653,81.1177882526068
"278",2015,"IRVF08P01","Random",62,31,8,9.65918970665726,6,19.3548387096774,12.9032258064516,0.15579338236544,13.4793454212892,84.4775627216306
"279",2007,"IRVF08P01","Random",124,31,8,2.10105150894032,2,6.45161290322581,6.45161290322581,0.0169439637817768,1.66616493978352,94.6450094716782
"280",2008,"IRVF08P01","Random",62,31,10,7.86294410982526,7,22.5806451612903,16.1290322580645,0.12682167919073,11.2548135639183,82.710748469576
"281",2009,"IRVF08P01","Random",92,31,14,7.36334508285345,8,25.8064516129032,15.2173913043478,0.0800363595962331,7.41052455179883,82.181342195186
"282",2010,"IRVF08P01","Random",84,31,18,12.5388851564076,9,29.0322580645161,21.4285714285714,0.149272442338185,12.9884296220043,77.8577231282582
"283",2011,"IRVF08P01","Random",155,31,26,61.5964564096045,10,32.258064516129,16.7741935483871,0.39739649296519,28.4383490988974,73.3490400225322
"284",2012,"IRVF08P01","Random",103,31,13,5.84282964933676,6,19.3548387096774,12.621359223301,0.0567265014498714,5.36813464714289,86.3037915846626
"285",2013,"IRVF08P01","Random",62,31,6,4.4975610801237,3,9.67741935483871,9.67741935483871,0.0725413077439306,6.76349779912158,91.1859304466434
"286",2012,"IRVF08RCP36","Targeted",159,31,36,31.63455639744,11,35.4838709677419,22.6415094339623,0.198959474197736,16.5943452201223,73.8769868629998
"287",2014,"IRVF08RCP36","Targeted",211,31,46,42.4846460794622,10,32.258064516129,21.8009478672986,0.201349033551954,16.7602443526872,75.5263729586097
"288",2015,"IRVF08RCP36","Targeted",89,31,20,22.2479979499797,6,19.3548387096774,22.4719101123595,0.249977505055952,19.9985602976721,79.3472034965091
"289",2010,"IRVF08RCP36","Targeted",62,31,12,10.1530242629418,8,25.8064516129032,19.3548387096774,0.1637584558539,14.0715158742922,79.6803629170056
"290",2011,"IRVF08RCP36","Targeted",155,32,30,232.436254426209,11,34.375,19.3548387096774,1.4995887382336,59.9934187290876,58.544147302138
"291",2013,"IRVF08RCP36","Targeted",124,31,27,27.5315185243714,9,29.0322580645161,21.7741935483871,0.222028375196543,18.1688395869559,76.5678932506264
"292",2014,"IRVF20@ETGCC","Random",111,31,8,2.93126269154865,2,6.45161290322581,7.20720720720721,0.0264077719959338,2.57283437600845,94.2209429988671
"293",2015,"IRVF20@ETGCC","Random",62,31,4,1.93119365428519,2,6.45161290322581,6.45161290322581,0.0311482847465353,3.02073767733531,94.4509191852512
"294",2006,"IRVF20@ETGCC","Random",62,31,11,118.282671540651,9,29.0322580645161,17.741935483871,1.90778502484921,65.6095622112966,57.3284505079538
"295",2007,"IRVF20@ETGCC","Random",155,31,28,173.712703698846,15,48.3870967741936,18.0645161290323,1.12072712063772,52.8463615017432,57.3358223563543
"296",2008,"IRVF20@ETGCC","Random",124,31,10,3.06189458828844,4,12.9032258064516,8.06451612903226,0.0246926982926487,2.40976619954371,91.1052346047424
"297",2009,"IRVF20@ETGCC","Random",155,31,13,11.0261871827337,5,16.1290322580645,8.38709677419355,0.071136691501508,6.64123375344274,88.8253704433944
"298",2010,"IRVF20@ETGCC","Random",124,31,9,2.30176804011611,3,9.67741935483871,7.25806451612903,0.0185626454848073,1.82243532757595,92.9369034981494
"299",2011,"IRVF20@ETGCC","Random",93,31,6,1.8309346996219,2,6.45161290322581,6.45161290322581,0.0196874698884075,1.93073568811844,94.6154708903325
"300",2012,"IRVF20@ETGCC","Random",92,31,8,1.83025917039762,4,12.9032258064516,8.69565217391304,0.0198941214173655,1.95060653842364,90.9459604499619
"301",2013,"IRVF20@ETGCC","Random",93,31,6,1.46675855764492,2,6.45161290322581,6.45161290322581,0.0157715973940314,1.55267162760739,94.6563922044275
"302",2014,"IRVMPF15P11","Random",93,31,7,1.92559052650039,3,9.67741935483871,7.52688172043011,0.0207052744784988,2.02852625495421,92.8252671946389
"303",2015,"IRVMPF15P11","Random",62,31,5,1.31794397507041,3,9.67741935483871,8.06451612903226,0.0212571608882324,2.08146994727009,92.6281854927374
"304",2010,"IRVMPF15P11","Random",31,31,2,0.426783601507393,2,6.45161290322581,6.45161290322581,0.0137672129518514,1.3580250747866,94.6740934261757
"305",2011,"IRVMPF15P11","Random",155,31,16,3.34058385375345,5,16.1290322580645,10.3225806451613,0.0215521538951835,2.10974582286426,88.8768386426474
"306",2012,"IRVMPF15P11","Random",103,31,13,20.98305814735,6,19.3548387096774,12.621359223301,0.203719011139321,16.924133394429,83.4633446509035
"307",2013,"IRVMPF15P11","Random",62,31,4,1.40633904914263,2,6.45161290322581,6.45161290322581,0.0226828878893972,2.2179786283713,94.5787080256448
"308",2014,"LAFPS@A01","Targeted",155,31,23,21.2396292436223,8,25.8064516129032,14.8387096774194,0.137029866087886,12.0515625996137,81.4576078205784
"309",2015,"LAFPS@A01","Targeted",92,31,19,69.6044352937993,10,32.258064516129,20.6521739130435,0.756569948845645,43.070869414727,66.721429721556
"310",2006,"LAFPS@A01","Targeted",62,31,9,23.0063366706108,5,16.1290322580645,14.5161290322581,0.371069946300175,27.0642608206463,79.9716159963249
"311",2007,"LAFPS@A01","Targeted",155,31,19,8.61333402910933,7,22.5806451612903,12.258064516129,0.0555698969619957,5.2644450284088,84.8573403936268
"312",2008,"LAFPS@A01","Targeted",155,31,19,44.7341563982181,8,25.8064516129032,12.258064516129,0.288607460633665,22.3968484934694,79.0402828304306
"313",2009,"LAFPS@A01","Targeted",186,31,28,34.0021285133555,9,29.0322580645161,15.0537634408602,0.182807142544922,15.4553634290367,79.1159325308033
"314",2010,"LAFPS@A01","Targeted",155,31,17,25.7573788646204,5,16.1290322580645,10.9677419354839,0.166176637836261,14.2496970394285,86.0533738376664
"315",2011,"LAFPS@A01","Targeted",154,31,17,18.1556942930607,6,19.3548387096774,11.038961038961,0.117894118786108,10.5460899028726,85.7671259908098
"316",2012,"LAFPS@A01","Targeted",164,31,24,835.875376035912,12,38.7096774193548,14.6341463414634,5.09680107338971,83.5979559122466,46.1430100512345
"317",2013,"LAFPS@A01","Targeted",154,31,22,31.3436782394729,6,19.3548387096774,14.2857142857143,0.203530378178395,16.9111126622702,83.0222903359654
"318",2014,"LFDIM@LFD","Targeted",166,31,24,28.2934437718318,7,22.5806451612903,14.4578313253012,0.170442432360432,14.5622225961768,82.3834607092849
"319",2015,"LFDIM@LFD","Targeted",93,31,15,8.94909916154735,8,25.8064516129032,16.1290322580645,0.0962268727048102,8.77800709878437,81.7131113338053
"320",2006,"LFDIM@LFD","Targeted",31,31,5,21.6825102405785,5,16.1290322580645,16.1290322580645,0.699435814212209,41.1569421076629,72.831911162138
"321",2007,"LFDIM@LFD","Targeted",154,31,21,62.6789644876967,8,25.8064516129032,13.6363636363636,0.407006262907121,28.9271109615514,76.2737825536703
"322",2008,"LFDIM@LFD","Targeted",124,31,13,30.4504831761499,4,12.9032258064516,10.4838709677419,0.245568412710887,19.7153693209372,85.1099631110325
"323",2009,"LFDIM@LFD","Targeted",62,31,14,80.0359332185727,12,38.7096774193548,22.5806451612903,1.29090214868666,56.3490740722694,58.4313943396679
"324",2010,"LFDIM@LFD","Targeted",62,31,20,119.286560328429,14,45.1612903225806,32.258064516129,1.92397677949078,65.8000020036359,50.3002351939466
"325",2011,"LFDIM@LFD","Targeted",94,32,8,2.13798789843304,5,15.625,8.51063829787234,0.0227445521109898,2.22387418872523,89.6472858777054
"326",2012,"LFDIM@LFD","Targeted",165,32,26,33.2343018820297,8,25,15.7575757575758,0.201420011406241,16.7651620161114,80.3833439962861
"327",2013,"LFDIM@LFD","Targeted",107,31,10,4.76991463185284,4,12.9032258064516,9.34579439252336,0.0445786414191854,4.26761946411426,90.4769464610931
"328",2007,"LFF19P07@RP","Eliminated",62,31,5,2.04329741928143,3,9.67741935483871,8.06451612903226,0.0329564099884102,3.19049377783327,92.497155565566
"329",2008,"LFF19P07@RP","Eliminated",155,31,22,615.487530751468,11,35.4838709677419,14.1935483870968,3.97088729517076,79.8828671699818,48.8717479820131
"330",2009,"LFF19P07@RP","Eliminated",155,31,16,6.54093098037904,7,22.5806451612903,10.3225806451613,0.0421995547121228,4.04908585129642,85.4756132443649
"331",2010,"LFF19P07@RP","Eliminated",123,31,14,30.4279014419485,7,22.5806451612903,11.3821138211382,0.247381312536166,19.8320521599921,81.4454952884604
"332",2014,"LFF19S02@PB","Targeted",156,32,24,32.4415947034492,9,28.125,15.3846153846154,0.207958940406726,17.2157292313847,78.9907874761665
"333",2015,"LFF19S02@PB","Targeted",93,31,14,26.3335036070716,8,25.8064516129032,15.0537634408602,0.283155952764211,22.0671503065725,78.5552741568915
"334",2006,"LFF19S02@PB","Targeted",62,31,10,5.28081060396185,7,22.5806451612903,16.1290322580645,0.0851743645800299,7.84891049402858,83.3498207653739
"335",2007,"LFF19S02@PB","Targeted",154,31,42,187.112125406097,16,51.6129032258064,27.2727272727273,1.21501380133829,54.8535544385408,53.7507393580023
"336",2008,"LFF19S02@PB","Targeted",155,31,47,985.632695142005,20,64.5161290322581,30.3225806451613,6.35892061381939,86.4110505809495,35.322864173891
"337",2009,"LFF19S02@PB","Targeted",164,32,22,95.1007869202186,7,21.875,13.4146341463415,0.579882847074504,36.7041675367438,74.1428177523321
"338",2010,"LFF19S02@PB","Targeted",155,31,16,34.9209210417379,6,19.3548387096774,10.3225806451613,0.225296264785406,18.3870849247111,83.4742785312435
"339",2011,"LFF19S02@PB","Targeted",156,32,13,6.56650742708459,5,15.625,8.33333333333333,0.0420929963274653,4.03927446742364,89.5131802885105
"340",2012,"LFF19S02@PB","Targeted",164,31,18,9.54022181727962,6,19.3548387096774,10.9756097560976,0.058172084251705,5.49741248304068,86.7671349267712
"341",2013,"LFF19S02@PB","Targeted",156,32,15,5.95044305883296,6,18.75,9.61538461538462,0.0381438657617497,3.67423697425224,87.6503039000462
"342",2007,"LGHF23@SV","Eliminated",61,31,11,8.61678661159845,7,22.5806451612903,18.0327868852459,0.14125879691145,12.3774552532461,81.8494598876908
"343",2008,"LGHF23@SV","Eliminated",155,31,20,18.1825610919821,6,19.3548387096774,12.9032258064516,0.117306845754723,10.4990716024374,85.2648748901191
"344",2009,"LGHF23@SV","Eliminated",155,31,24,68.2319052392152,13,41.9354838709677,15.4838709677419,0.440205840253001,30.5654808465205,68.7336403247813
"345",2010,"LGHF23@SV","Eliminated",62,31,4,0.68969416492288,2,6.45161290322581,6.45161290322581,0.01112409943424,1.10017152597434,94.6939672512066
"346",2014,"LGHF23S02","Random",93,31,16,15.763126014909,6,19.3548387096774,17.2043010752688,0.169495978654935,14.4930792194665,82.8662246825262
"347",2015,"LGHF23S02","Random",47,31,8,5.80503525112348,6,19.3548387096774,17.0212765957447,0.123511388321776,10.9933365701142,83.821483850674
"348",2006,"LGHF23S02","Random",31,31,6,6.70317423590916,6,19.3548387096774,19.3548387096774,0.216231426964811,17.778806086637,81.1553012723168
"349",2007,"LGHF23S02","Random",124,31,22,25.3468486240725,7,22.5806451612903,17.741935483871,0.204410069548971,16.971800113355,80.7406378423806
"350",2008,"LGHF23S02","Random",62,31,10,4.8966755898208,7,22.5806451612903,16.1290322580645,0.0789786385454968,7.31975923563816,83.4303649804517
"351",2009,"LGHF23S02","Random",62,31,10,5.33936063102168,5,16.1290322580645,16.1290322580645,0.0861187198551883,7.92903374933732,86.0573178874224
"352",2010,"LGHF23S02","Random",124,31,22,20.9725936077862,7,22.5806451612903,17.741935483871,0.169133819417631,14.4665919853281,81.4347568837514
"353",2011,"LGHF23S02","Random",62,31,12,9.29659220482853,7,22.5806451612903,19.3548387096774,0.149945035561751,13.0393219610276,81.2509457719495
"354",2012,"LGHF23S02","Random",92,31,17,14.0818752062064,7,22.5806451612903,18.4782608695652,0.153063860937026,13.2745345789122,81.4922969629475
"355",2013,"LGHF23S02","Random",93,31,14,11.1371597967633,5,16.1290322580645,15.0537634408602,0.119754406416809,10.694702850067,85.8440423236182
"356",2014,"LHA01P10","Random",93,31,9,2.79896029852507,5,16.1290322580645,9.67741935483871,0.0300963472959685,2.92170216649853,89.0097660215449
"357",2015,"LHA01P10","Random",62,31,4,1.68269997595599,2,6.45161290322581,6.45161290322581,0.0271403221928385,2.64231883477193,94.5156659278545
"358",2006,"LHA01P10","Random",56,31,3,0.770770363281486,3,9.67741935483871,5.35714285714286,0.0137637564871694,1.35768875135788,93.5656642345949
"359",2007,"LHA01P10","Random",152,31,12,3.5885888280779,4,12.9032258064516,7.89473684210526,0.0236091370268283,2.30646016851738,91.165340950955
"360",2008,"LHA01P10","Random",124,31,11,7.49954749895285,5,16.1290322580645,8.87096774193548,0.0604802217657488,5.70309757074455,88.8736519889242
"361",2009,"LHA01P10","Random",186,31,17,12.2488604963795,6,19.3548387096774,9.13978494623656,0.0658540886902122,6.17852756667076,87.1372790286403
"362",2010,"LHA01P10","Random",62,31,4,1.45700049754442,2,6.45161290322581,6.45161290322581,0.0235000080249099,2.29604375580405,94.5678847453039
"363",2011,"LHA01P10","Random",62,31,6,3.35549536617126,4,12.9032258064516,9.67741935483871,0.0541208930027623,5.13422069157494,90.2272024983635
"364",2012,"LHA01P10","Random",92,31,10,694.2091861881,6,19.3548387096774,10.8695652173913,7.5457520237837,88.2982796924496,47.4331227139554
"365",2013,"LHA01P10","Random",62,31,5,1.66968883238943,3,9.67741935483871,8.06451612903226,0.0269304650385392,2.62242342158274,92.5708752390706
"366",2014,"LHA0760DSEUC","Targeted",62,31,5,3.88913008286852,3,9.67741935483871,8.06451612903226,0.0627279045623955,5.90253669759667,91.9679774322335
"367",2015,"LHA0760DSEUC","Targeted",92,31,6,2.33963714966564,2,6.45161290322581,6.52173913043478,0.0254308385833222,2.48001499725287,94.513283828534
"368",2014,"LHA07XXX","Eliminated",62,31,4,1.0823376493526,2,6.45161290322581,6.45161290322581,0.0174570588605258,1.71575386975803,94.6397920982612
"369",2006,"LHA07XXX","Eliminated",31,31,4,26.9568841047469,4,12.9032258064516,12.9032258064516,0.86957690660474,46.5119623339776,71.1527264508668
"370",2007,"LHA07XXX","Eliminated",152,31,20,19.2874122804725,9,29.0322580645161,13.1578947368421,0.126890870266266,11.2602625164834,80.4819505575027
"371",2008,"LHA07XXX","Eliminated",93,31,11,8.55382018384001,6,19.3548387096774,11.8279569892473,0.0919765611165592,8.42294279856265,86.0299050087877
"372",2009,"LHA07XXX","Eliminated",186,31,18,10.1692015292955,7,22.5806451612903,9.67741935483871,0.054673126501589,5.18389301175644,85.5034749647516
"373",2010,"LHA07XXX","Eliminated",124,31,19,18.3841291742107,9,29.0322580645161,15.3225806451613,0.148259106243635,12.9116421056431,79.6330578732209
"374",2011,"LHA07XXX","Eliminated",124,31,10,3.26524883904777,4,12.9032258064516,8.06451612903226,0.0263326519278046,2.56570341773136,91.0907078335565
"375",2012,"LHA07XXX","Eliminated",135,32,19,7.92060561854011,10,31.25,14.0740740740741,0.0586711527299268,5.54196197550441,79.9548333181209
"376",2013,"LHA07XXX","Eliminated",124,31,9,11.8486322289752,3,9.67741935483871,7.25806451612903,0.0955534857175418,8.72193708141581,91.3895958124975
"377",2014,"LPB02P04","Random",93,31,7,1.37770485220868,3,9.67741935483871,7.52688172043011,0.0148140306689105,1.45977787271486,92.8715057981827
"378",2015,"LPB02P04","Random",62,31,5,1.80030809669939,3,9.67741935483871,8.06451612903226,0.0290372273661193,2.82178589791564,92.5465641285196
"379",2006,"LPB02P04","Random",28,28,3,2.87930738960585,3,10.7142857142857,10.7142857142857,0.102832406771637,9.32439109879465,89.7277935296953
"380",2007,"LPB02P04","Random",93,31,14,139.220611028041,8,25.8064516129032,15.0537634408602,1.49699581750582,59.9518752498803,61.3258082327639
"381",2008,"LPB02P04","Random",62,31,4,0.634064414147402,2,6.45161290322581,6.45161290322581,0.0102268453894742,1.01233158039187,94.6997994519406
"382",2009,"LPB02P04","Random",62,31,5,1.23652671805228,3,9.67741935483871,8.06451612903226,0.0199439793234239,1.95539948543583,92.639701375267
"383",2010,"LPB02P04","Random",124,31,11,11.132575589852,5,16.1290322580645,8.87096774193548,0.0897788354020323,8.23826197440436,88.3562238046342
"384",2011,"LPB02P04","Random",93,31,7,1.20927720630265,3,9.67741935483871,7.52688172043011,0.0130029807129317,1.28360734968228,92.8828152384284
"385",2012,"LPB02P04","Random",123,31,10,1.97037211458431,4,12.9032258064516,8.13008130081301,0.0160192854844253,1.57667139918387,91.1476718150001
"386",2013,"LPB02P04","Random",62,31,7,3.64935626986674,5,16.1290322580645,11.2903225806452,0.0588605849978507,5.55886070666897,88.1883877418693
"387",2014,"LWF23P07@SM","Random",93,31,9,3.54027006623849,5,16.1290322580645,9.67741935483871,0.0380674200670805,3.66714332144444,88.9355281274136
"388",2015,"LWF23P07@SM","Random",47,31,8,2.70809728366107,5,16.1290322580645,17.0212765957447,0.057619091141725,5.44800028898153,86.1005485964954
"389",2006,"LWF23P07@SM","Random",31,31,3,0.685608666636512,3,9.67741935483871,9.67741935483871,0.0221164086011778,2.16378569163617,92.0000391011782
"390",2007,"LWF23P07@SM","Random",124,31,14,6.63496412991936,6,19.3548387096774,11.2903225806452,0.0535077752412852,5.07901094788126,86.7346505474769
"391",2008,"LWF23P07@SM","Random",62,31,5,1.99248198087747,3,9.67741935483871,8.06451612903226,0.032136806143185,3.11361884896553,92.5079293654557
"392",2009,"LWF23P07@SM","Random",62,31,5,1.09833638751792,3,9.67741935483871,8.06451612903226,0.0177151030244826,1.74067408175787,92.6576956368362
"393",2010,"LWF23P07@SM","Random",92,31,12,6.96770722568155,6,19.3548387096774,13.0434782608696,0.0757359481052342,7.04038460726659,85.9246789235153
"394",2011,"LWF23P07@SM","Random",120,31,10,2.40085710329244,5,16.1290322580645,8.33333333333333,0.020007142527437,1.96147082635736,89.4571184103085
"395",2012,"LWF23P07@SM","Random",92,31,9,3.06428702196608,4,12.9032258064516,9.78260869565217,0.0333074676300661,3.22338400461366,90.4676189401155
"396",2013,"LWF23P07@SM","Random",93,31,7,2.39253344361136,3,9.67741935483871,7.52688172043011,0.0257261660603372,2.50809298929632,92.7749022658452
"397",2014,"LWF23P09XXX","Targeted",154,31,30,33.0485085900618,8,25.8064516129032,19.4805194805195,0.214600705130271,17.6684159842682,78.7262590646391
"398",2015,"LWF23P09XXX","Targeted",78,31,17,14.0392671594979,8,25.8064516129032,21.7948717948718,0.179990604608947,15.2535625204064,78.6010814620479
"399",2006,"LWF23P09XXX","Targeted",62,31,10,13.865243699124,6,19.3548387096774,16.1290322580645,0.223632962889097,18.2761473147211,82.0293771045886
"400",2007,"LWF23P09XXX","Targeted",154,31,30,38.117510502609,10,32.258064516129,19.4805194805195,0.247516301964994,19.8407268566451,75.4111528034546
"401",2008,"LWF23P09XXX","Targeted",155,31,28,23.3312238765257,9,29.0322580645161,18.0645161290323,0.150524025009843,13.083084032822,78.8620051524905
"402",2009,"LWF23P09XXX","Targeted",155,31,31,23.6910545344784,8,25.8064516129032,20,0.152845513125667,13.2581088606801,79.6544579080873
"403",2010,"LWF23P09XXX","Targeted",155,31,32,34.9413203068766,8,25.8064516129032,20.6451612903226,0.225427872947591,18.3958499658863,78.1620600853391
"404",2011,"LWF23P09XXX","Targeted",152,32,29,39.3086147316301,7,21.875,19.0789473684211,0.258609307444935,20.547226682276,79.4672247149804
"405",2012,"LWF23P09XXX","Targeted",163,31,31,35.8852687641735,7,22.5806451612903,19.0184049079755,0.220155023093089,18.0432009807243,80.0232418441905
"406",2013,"LWF23P09XXX","Targeted",155,31,29,28.1878850251758,8,25.8064516129032,18.7096774193548,0.18185732274307,15.3874176893859,79.5641564980857
"407",2014,"NBBCW@JAM","Targeted",155,31,22,5.42568521861959,6,19.3548387096774,14.1935483870968,0.0350044207652877,3.38205519348461,86.0054848410498
"408",2015,"NBBCW@JAM","Targeted",92,31,13,3.15540035826312,6,19.3548387096774,14.1304347826087,0.0342978299811209,3.31604968964761,86.0320665770454
"409",2009,"NBBCW@JAM","Targeted",62,31,14,8.33122651275001,9,29.0322580645161,22.5806451612903,0.134374621173387,11.8457005882582,77.6903177543196
"410",2010,"NBBCW@JAM","Targeted",155,31,28,9.7136392037032,6,19.3548387096774,18.0645161290323,0.0626686400238916,5.89728892559422,84.3394582301283
"411",2011,"NBBCW@JAM","Targeted",154,31,26,8.60070805874476,6,19.3548387096774,16.8831168831169,0.0558487536282127,5.28946531748034,84.8598964808391
"412",2012,"NBBCW@JAM","Targeted",165,31,32,12.4319926272556,6,19.3548387096774,19.3939393939394,0.0753454098621553,7.00662402714059,83.6713506078597
"413",2013,"NBBCW@JAM","Targeted",153,31,24,6.74217809764119,9,29.0322580645161,15.6862745098039,0.0440665235139947,4.2206624311333,80.7922746397815
"414",2012,"NBG02P01","Targeted",164,31,18,13.9004042735079,6,19.3548387096774,10.9756097560976,0.0847585626433411,7.81358779384063,86.3843402268142
"415",2014,"NBG02P01","Targeted",156,32,17,541.163080538767,9,28.125,10.8974358974359,3.46899410601774,77.6235999359801,51.9181257655699
"416",2015,"NBG02P01","Targeted",92,31,7,2.17767635221017,3,9.67741935483871,7.60869565217391,0.0236703951327193,2.31230630926377,92.7681108921801
"417",2006,"NBG02P01","Targeted",93,31,8,1.75491452688249,4,12.9032258064516,8.60215053763441,0.0188700486761558,1.85205647184095,90.982708202342
"418",2007,"NBG02P01","Targeted",124,31,14,4.05994426884125,8,25.8064516129032,11.2903225806452,0.0327414860390423,3.17034674036563,83.6339521321089
"419",2008,"NBG02P01","Targeted",155,31,16,6.6669238687964,8,25.8064516129032,10.3225806451613,0.043012412056751,4.1238638734829,83.7767533934732
"420",2009,"NBG02P01","Targeted",124,31,17,27.5601265824404,10,32.258064516129,13.7096774193548,0.222259085342261,18.1842858038583,77.2016249828713
"421",2010,"NBG02P01","Targeted",155,31,17,11.9379219330232,7,22.5806451612903,10.9677419354839,0.0770188511807945,7.15111449501135,84.9295508756472
"422",2011,"NBG02P01","Targeted",154,32,13,3.08554254169467,6,18.75,8.44155844155844,0.0200359905304849,1.96424348910128,88.0737586976242
"423",2013,"NBG02P01","Targeted",155,31,16,16.1359496670441,6,19.3548387096774,10.3225806451613,0.104102901077704,9.42873177636702,86.2147436074639
"424",2012,"NBG02P02","Targeted",164,31,29,120.012919765558,10,32.258064516129,17.6829268292683,0.73178609613145,42.2561480177113,67.6527444256305
"425",2014,"NBG02P02","Targeted",93,31,15,21.3416969117639,8,25.8064516129032,16.1290322580645,0.22948061195445,18.6648418627485,79.3879507492237
"426",2015,"NBG02P02","Targeted",115,32,14,5.2758490244474,5,15.625,12.1739130434783,0.0458769480386731,4.38645752014191,88.286618177637
"427",2006,"NBG02P02","Targeted",93,31,18,31.3550935391047,10,32.258064516129,19.3548387096774,0.337151543431233,25.2141610341395,73.8525542757395
"428",2007,"NBG02P02","Targeted",124,31,24,28.1508611634143,11,35.4838709677419,19.3548387096774,0.227023073898502,18.5019400798392,74.3345069445576
"429",2008,"NBG02P02","Targeted",163,31,17,116.517939509749,7,22.5806451612903,10.4294478527607,0.714833984722385,41.6853171263753,71.9734481359831
"430",2009,"NBG02P02","Targeted",155,31,27,32.8420059478883,13,41.9354838709677,17.4193548387097,0.211883909341215,17.4838454168763,71.9058577014315
"431",2010,"NBG02P02","Targeted",154,31,29,61.6865457905316,10,32.258064516129,18.8311688311688,0.400561985652803,28.6000898036727,72.8381969852488
"432",2011,"NBG02P02","Targeted",134,32,15,33.4904214366383,4,12.5,11.1940298507463,0.249928518183868,19.9954249021385,84.9289095996867
"433",2013,"NBG02P02","Targeted",63,32,14,68.9605147272583,11,34.375,22.2222222222222,1.09461134487712,52.258446300993,61.673892623014
"434",2015,"ORG48RCP@GLS","Targeted",114,31,15,7.3933888800839,5,16.1290322580645,13.1578947368421,0.0648542884217886,6.09043783050436,87.4780605193235
"435",2014,"ORGBGE07S03","Targeted",155,31,12,5.40637944486898,5,16.1290322580645,7.74193548387097,0.0348798673862515,3.37042670221675,89.4886970587011
"436",2015,"ORGBGE07S03","Targeted",93,31,8,3.63524267772797,4,12.9032258064516,8.60215053763441,0.0390886309433115,3.7618187495542,90.7866681699112
"437",2006,"ORGBGE07S03","Targeted",62,31,6,1.08163416297726,4,12.9032258064516,9.67741935483871,0.0174457123060848,1.71465780385897,90.6351513940951
"438",2007,"ORGBGE07S03","Targeted",155,31,27,26.2131141412562,14,45.1612903225806,17.4193548387097,0.169116865427459,14.4653516195428,70.8316826948396
"439",2008,"ORGBGE07S03","Targeted",93,31,10,2.16268944340334,6,19.3548387096774,10.752688172043,0.0232547251978853,2.27262328970806,87.1492676487238
"440",2009,"ORGBGE07S03","Targeted",124,31,26,204.056302462839,13,41.9354838709677,20.9677419354839,1.64561534244225,62.2016101903587,55.0273146339318
"441",2010,"ORGBGE07S03","Targeted",154,31,19,48.7447622283897,8,25.8064516129032,12.3376623376623,0.316524430054478,24.0424273814182,78.4260103510792
"442",2011,"ORGBGE07S03","Targeted",156,32,9,1.82490007451263,2,6.25,5.76923076923077,0.011698077400722,1.15628146993982,95.0439318835078
"443",2012,"ORGBGE07S03","Targeted",165,31,13,0.96483524670179,3,9.67741935483871,7.87878787878788,0.00584748634364721,0.581349202840223,92.7871672902576
"444",2013,"ORGBGE07S03","Targeted",155,31,11,2.60845396999974,3,9.67741935483871,7.09677419354839,0.0168287352903209,1.65502160848316,93.0056128211324
"445",2014,"ORGE0154@KME","Targeted",31,31,2,0.260503781575621,2,6.45161290322581,6.45161290322581,0.00840334779276196,0.833332000647914,94.7101989589849
"446",2015,"ORGE0154@KME","Targeted",93,31,13,167.055400755247,9,29.0322580645161,13.9784946236559,1.79629463177684,64.2383893086197,58.5064502883659
"447",2010,"ORGE07PXX","Eliminated",31,31,5,4.24007202176982,5,16.1290322580645,16.1290322580645,0.136776516831284,12.0319618505617,85.1104232403105
"448",2011,"ORGE07S03@GL","Eliminated",63,32,5,4.21887777439445,3,9.375,7.93650793650794,0.0669663138792769,6.27632878453311,92.0358668715481
"449",2012,"ORGE07S03@GL","Eliminated",165,31,13,2.12412400044755,3,9.67741935483871,7.87878787878788,0.0128734787905912,1.27098586942593,92.7577080002653
"450",2007,"ORGE11@OGW","Eliminated",31,31,4,34.1171541060821,4,12.9032258064516,12.9032258064516,1.10055335826071,52.3934968817924,67.9674874628178
"451",2014,"PLSE03S01@MJ","Targeted",163,31,18,28.8831169463775,4,12.9032258064516,11.0429447852761,0.177197036480843,15.0524534967029,86.8972466243282
"452",2015,"PLSE03S01@MJ","Targeted",93,31,10,5.96410848812239,4,12.9032258064516,10.752688172043,0.0641301987970149,6.02653687204002,89.6970656560408
"453",2006,"PLSE03S01@MJ","Targeted",62,31,6,1.4962871878742,4,12.9032258064516,9.67741935483871,0.0241336643205516,2.35649555925522,90.5887595313339
"454",2007,"PLSE03S01@MJ","Targeted",155,31,16,18.1300803187786,8,25.8064516129032,10.3225806451613,0.116968260121152,10.4719412625445,82.8512203736022
"455",2008,"PLSE03S01@MJ","Targeted",93,31,7,1.93303861563623,3,9.67741935483871,7.52688172043011,0.020785361458454,2.03621272828176,92.8245414124296
"456",2009,"PLSE03S01@MJ","Targeted",155,31,16,18.5427758455279,6,19.3548387096774,10.3225806451613,0.119630811906632,10.684844560763,85.9125790851497
"457",2010,"PLSE03S01@MJ","Targeted",155,31,21,61.8080194662129,9,29.0322580645161,13.5483870967742,0.398761415911051,28.5081795490711,75.2394466579663
"458",2011,"PLSE03S01@MJ","Targeted",156,32,16,19.627339798051,7,21.875,10.2564102564103,0.125816280756737,11.1755606049832,84.6307199801826
"459",2012,"PLSE03S01@MJ","Targeted",164,31,20,93.6894542482062,6,19.3548387096774,12.1951219512195,0.571277160050038,36.3575042376257,75.1987422812782
"460",2013,"PLSE03S01@MJ","Targeted",168,32,22,9.03963214583746,6,18.75,13.0952380952381,0.0538073342014135,5.10599352036103,86.4703886792923
"461",2014,"SAE01@17TH","Eliminated",93,31,12,4.60826398305286,6,19.3548387096774,12.9032258064516,0.0495512256242243,4.72118219811077,86.2956742432485
"462",2012,"SAE01@17TH","Eliminated",61,31,4,0.946591344631639,2,6.45161290322581,6.55737704918033,0.0155178908956006,1.52807656415735,94.6159921182788
"463",2013,"SAE01@17TH","Eliminated",157,32,20,8.51522449950071,7,21.875,12.7388535031847,0.0542370987229345,5.14467749130014,85.0857912447816
"464",2014,"SAF01@FLR&RR","Targeted",155,31,25,12.4732564830301,6,19.3548387096774,16.1290322580645,0.0804726224711618,7.44790944236161,84.8313117046623
"465",2015,"SAF01@FLR&RR","Targeted",78,31,13,6.63341247424341,5,16.1290322580645,16.6666666666667,0.0850437496697872,7.83781757147292,85.865055030682
"466",2013,"SAF01@FLR&RR","Targeted",62,31,10,3.572512343952,5,16.1290322580645,16.1290322580645,0.0576211668379355,5.44818585753258,86.459857714419
"467",2014,"SAF08@DYR&55","Targeted",166,31,16,12.5380245710396,4,12.9032258064516,9.63855421686747,0.0755302685002387,7.02260742559677,89.8555418935074
"468",2015,"SAF08@DYR&55","Targeted",89,31,9,1.76949608352398,3,9.67741935483871,10.1123595505618,0.0198819784665616,1.94943913965957,91.8406640146211
"469",2012,"SAF08@DYR&55","Targeted",61,31,5,0.647513181464339,3,9.67741935483871,8.19672131147541,0.01061497018794,1.05034761022449,92.6526327418252
"470",2013,"SAF08@DYR&55","Targeted",174,31,21,65.7138389848769,6,19.3548387096774,12.0689655172414,0.377665741292396,27.4134523326468,79.4100210972993
"471",2014,"SAF10@GRAND","Targeted",62,31,10,3.99931404796382,8,25.8064516129032,16.1290322580645,0.064505065289739,6.05962971835948,82.0845110909659
"472",2015,"SAF10@GRAND","Targeted",78,31,7,2.43798242114526,3,9.67741935483871,8.97435897435897,0.0312561848864776,3.03088459924421,92.1814625276214
"473",2006,"SB1EA@C01","Eliminated",62,31,8,3.70642363558396,5,16.1290322580645,12.9032258064516,0.0597810263803864,5.64088475753946,87.6376189395444
"474",2007,"SB1EA@C01","Eliminated",93,31,19,49.1477570304756,11,35.4838709677419,20.4301075268817,0.528470505704039,34.5751196200293,69.0586480267763
"475",2014,"SBLOSAL54@CB","Targeted",62,31,4,0.69696926413419,2,6.45161290322581,6.45161290322581,0.0112414397440998,1.11164745651093,94.6931699743314
"476",2015,"SBLOSAL54@CB","Targeted",93,31,9,3.11994550357041,5,16.1290322580645,9.67741935483871,0.0335478011136603,3.24588771583783,88.9794844415028
"477",2006,"STBB@PAC","Eliminated",62,31,12,15.8282344836555,8,25.8064516129032,19.3548387096774,0.255294104575089,20.3373937346344,77.9827520046584
"478",2007,"STBB@PAC","Eliminated",31,31,2,0.816660834208202,2,6.45161290322581,6.45161290322581,0.0263438978776839,2.56677103377912,94.5276390752806
"479",2008,"STBB@PAC","Eliminated",62,31,5,1.78887269582813,3,9.67741935483871,8.06451612903226,0.0288527854165827,2.80436480568989,92.5487562686924
"480",2009,"STBB@PAC","Eliminated",31,31,4,4.29935403173233,4,12.9032258064516,12.9032258064516,0.138688839733301,12.1796960586515,87.3329862993779
"481",2010,"STBB@PAC","Eliminated",93,31,10,4.84805147751106,6,19.3548387096774,10.752688172043,0.0521295857796888,4.9546735007036,86.9002662109256
"482",2014,"STSTAN42DSW","Targeted",42,31,4,0.54241863720442,2,6.45161290322581,9.52380952380952,0.0129147294572481,1.27500658067913,93.3176910763794
"483",2015,"STSTAN42DSW","Targeted",89,31,13,14.0045070565894,7,22.5806451612903,14.6067415730337,0.157354011871791,13.5960138607289,82.6012710602381
"484",2007,"TTF07@TMP","Eliminated",31,31,6,11.4350212012101,6,19.3548387096774,19.3548387096774,0.368871651651938,26.9471320563026,77.8230295953517
"485",2008,"TTF07@TMP","Eliminated",62,31,7,35.7339311008111,5,16.1290322580645,11.2903225806452,0.576353727432437,36.5624616735738,76.0240965292026
"486",2009,"TTF07@TMP","Eliminated",62,31,7,2.09994810302264,4,12.9032258064516,11.2903225806452,0.0338701306939136,3.27605273509358,89.9217227278199
"487",2012,"TTF07P01","Targeted",155,32,24,118.903754966041,12,37.5,15.4838709677419,0.767120999780909,43.4107794472488,65.6940084584381
"488",2014,"TTF07P01","Targeted",155,31,12,3.72987742314843,3,9.67741935483871,7.74193548387097,0.0240637253106351,2.3498269410271,92.7171197968762
"489",2015,"TTF07P01","Targeted",94,32,18,36.5864457025109,10,31.25,19.1489361702128,0.38921750747352,28.0170315576691,73.3646652271799
"490",2007,"TTF07P01","Targeted",155,31,17,15.0355994678193,7,22.5806451612903,10.9677419354839,0.0970038675343181,8.8426185545133,84.6332571002758
"491",2008,"TTF07P01","Targeted",124,31,16,19.1592823993651,7,22.5806451612903,12.9032258064516,0.154510341930364,13.3831925378875,83.11273846723
"492",2009,"TTF07P01","Targeted",155,31,14,2.74735492373989,5,16.1290322580645,9.03225806451613,0.0177248704757412,1.74161710988311,89.2796016146033
"493",2010,"TTF07P01","Targeted",155,31,28,30.8235480289272,12,38.7096774193548,18.0645161290323,0.198861600186627,16.5875360555105,73.5422637441169
"494",2011,"TTF07P01","Targeted",156,32,16,12.886626889495,7,21.875,10.2564102564103,0.0826065826249682,7.6303418019752,85.3716103123082
"495",2013,"TTF07P01","Targeted",156,32,12,15.1910108063324,4,12.5,7.69230769230769,0.0973782743995669,8.87371990782738,90.0974454255642
"496",2014,"TTF07P04","Random",93,31,9,2.63734520946616,5,16.1290322580645,9.67741935483871,0.028358550639421,2.75765204867388,89.0239051371851
"497",2015,"TTF07P04","Random",62,31,4,1.20574056748631,2,6.45161290322581,6.45161290322581,0.0194474285078436,1.90764407894075,94.6182152392561
"498",2006,"TTF07P04","Random",31,31,4,0.611721841743603,4,12.9032258064516,12.9032258064516,0.0197329626368904,1.93511079467939,89.4051760709297
"499",2007,"TTF07P04","Random",124,31,23,10.3576699273304,14,45.1612903225806,18.5483870967742,0.0835295961881487,7.70902765203695,71.4625553192309
"500",2008,"TTF07P04","Random",62,31,6,1.46245502397,4,12.9032258064516,9.67741935483871,0.0235879842575807,2.30444130063615,90.5930574285119
"501",2009,"TTF07P04","Random",93,31,11,36.2605421395021,7,22.5806451612903,11.8279569892473,0.389898302575291,28.0522900022875,78.1154440364975
"502",2010,"TTF07P04","Random",93,31,7,2.46133278420935,3,9.67741935483871,7.52688172043011,0.0264659439162296,2.57835577235571,92.7666623467414
"503",2011,"TTF07P04","Random",93,31,9,3.13631474035837,6,19.3548387096774,9.67741935483871,0.0337238144124556,3.26236214569783,87.3649517737525
"504",2012,"TTF07P04","Random",92,31,12,20.3487188037118,8,25.8064516129032,13.0434782608696,0.221181726127302,18.1121057902438,80.3004065425301
"505",2013,"TTF07P04","Random",93,31,10,2.21005359574574,6,19.3548387096774,10.752688172043,0.0237640171585564,2.32123973496481,87.1463712479589
"506",2012,"TTF12@VANLN","Targeted",153,31,25,23.0618232469032,12,38.7096774193548,16.3398692810458,0.150730870894792,13.0987075003546,74.5892395719239
"507",2014,"TTF12@VANLN","Targeted",155,31,18,23.5187378192201,9,29.0322580645161,11.6129032258065,0.151733792382065,13.1743805196722,80.4094973827855
"508",2015,"TTF12@VANLN","Targeted",92,31,14,135.422698809551,8,25.8064516129032,15.2173913043478,1.47198585662555,59.5466941155935,61.513589346695
"509",2010,"TTF12@VANLN","Targeted",62,31,7,2.32123382059428,5,16.1290322580645,11.2903225806452,0.0374392551708755,3.60881420133932,88.443412973195
"510",2011,"TTF12@VANLN","Targeted",156,32,16,16.6127463276497,6,18.75,10.2564102564103,0.10649196363878,9.62428712889821,86.4671315375201
"511",2013,"TTF12@VANLN","Targeted",155,31,20,10.2912370149611,8,25.8064516129032,12.9032258064516,0.0663950775158779,6.22612378055443,82.9580721591543
"512",2014,"VPRCP@CYNCIR","Targeted",155,31,14,3.22033909199334,4,12.9032258064516,9.03225806451613,0.0207763812386667,2.03535089766238,90.8306239240711
"513",2015,"VPRCP@CYNCIR","Targeted",78,31,7,1.28739801690158,3,9.67741935483871,8.97435897435897,0.0165051027807894,1.62371076501608,92.3223620052231
"514",2006,"VPRCP@CYNCIR","Targeted",62,31,9,4.48003912508362,6,19.3548387096774,14.5161290322581,0.0722586955658648,6.73892371912466,85.4996795197862
"515",2007,"VPRCP@CYNCIR","Targeted",155,31,21,11.3722089237377,9,29.0322580645161,13.5483870967742,0.073369089830566,6.83540177611668,81.0860150442133
"516",2008,"VPRCP@CYNCIR","Targeted",152,31,19,29.8756222548523,9,29.0322580645161,12.5,0.196550146413502,16.4264027715541,79.4328484738646
"517",2009,"VPRCP@CYNCIR","Targeted",155,31,16,47.8359301816328,7,22.5806451612903,10.3225806451613,0.308618904397631,23.5835584646159,80.2288574348732
"518",2010,"VPRCP@CYNCIR","Targeted",155,31,13,14.2821097777191,5,16.1290322580645,8.38709677419355,0.0921426437272199,8.43686896180148,88.4285783389615
"519",2011,"VPRCP@CYNCIR","Targeted",152,32,15,6.47379398607763,7,21.875,9.86842105263158,0.0425907499084054,4.08508802827448,85.9450593437802
"520",2012,"VPRCP@CYNCIR","Targeted",165,31,15,7.71197379916822,5,16.1290322580645,9.09090909090909,0.0467392351464741,4.46522243335358,89.0037915264408
"521",2013,"VPRCP@CYNCIR","Targeted",155,31,11,7.63330262365407,3,9.67741935483871,7.09677419354839,0.049247113700994,4.6935667544784,92.5601084203234
"522",2012,"WMBA@C02","Targeted",160,31,23,8.48566786143585,9,29.0322580645161,14.375,0.053035424133974,5.0364330504447,81.070821866561
"523",2014,"WMBA@C02","Targeted",155,31,13,7.10467233373148,4,12.9032258064516,8.38709677419355,0.0458365957014934,4.38276838751742,90.7613076420341
"524",2015,"WMBA@C02","Targeted",94,32,14,23.3472809864905,8,25,14.8936170212766,0.248375329643516,19.8958857761505,79.6469575890228
"525",2006,"WMBA@C02","Targeted",62,31,10,4.39458653803482,8,25.8064516129032,16.1290322580645,0.0708804280328196,6.61889284530348,82.0186645404075
"526",2007,"WMBA@C02","Targeted",155,31,16,6.95976566146672,6,19.3548387096774,10.3225806451613,0.0449017139449466,4.29721890065847,87.0944345807636
"527",2008,"WMBA@C02","Targeted",124,31,12,3.03643227624921,5,16.1290322580645,9.67741935483871,0.0244873570665259,2.39020588176334,89.0526669355786
"528",2009,"WMBA@C02","Targeted",124,31,20,7.10623986779223,10,32.258064516129,16.1290322580645,0.0573083860305825,5.42021483871262,78.9430520228559
"529",2010,"WMBA@C02","Targeted",93,31,16,25.6864233916174,10,32.258064516129,17.2043010752688,0.276198100985134,21.6422592050504,75.4706707361657
"530",2011,"WMBA@C02","Targeted",124,31,14,9.38609274746354,6,19.3548387096774,11.2903225806452,0.0756942963505124,7.03678513563928,86.4398884864015
"531",2013,"WMBA@C02","Targeted",155,31,19,5.25004417820036,8,25.8064516129032,12.258064516129,0.033871252762583,3.27615771036059,83.3966387130345
"532",2012,"WMC03HEFRCP","Targeted",160,31,13,1.29739679259751,3,9.67741935483871,8.125,0.00810872995373445,0.80435073249555,92.6896316515125
"533",2014,"WMC03HEFRCP","Targeted",43,31,7,2.64736115700971,4,12.9032258064516,16.2790697674419,0.0615665385351095,5.79959298830832,87.5479062382796
"534",2006,"WMC03HEFRCP","Targeted",62,31,9,2.58299532513699,6,19.3548387096774,14.5161290322581,0.0416612149215643,3.99949756454179,85.8418569478179
"535",2007,"WMC03HEFRCP","Targeted",155,31,11,2.08624962869326,3,9.67741935483871,7.09677419354839,0.0134596750238275,1.3280918181092,93.0288922411287
"536",2008,"WMC03HEFRCP","Targeted",155,31,13,2.60383019266687,3,9.67741935483871,8.38709677419355,0.0167989044688185,1.65213636590161,92.5449083610035
"537",2009,"WMC03HEFRCP","Targeted",124,31,11,2.00209968504724,3,9.67741935483871,8.87096774193548,0.0161459652019939,1.58894152561875,92.3649599665993
"538",2010,"WMC03HEFRCP","Targeted",124,31,10,1.2436090935566,4,12.9032258064516,8.06451612903226,0.0100291055931984,0.99295213748402,91.1960377808026
"539",2011,"WMC03HEFRCP","Targeted",124,31,10,0.940332230588692,3,9.67741935483871,8.06451612903226,0.00758332444023138,0.752625044131645,92.7138337984864
"540",2013,"WMC03HEFRCP","Targeted",93,31,7,1.64338708982012,3,9.67741935483871,7.52688172043011,0.017670828922797,1.73639927770177,92.8508631839915
"541",2006,"WMC04PASD","Eliminated",62,31,13,4.12973085216783,8,25.8064516129032,20.9677419354839,0.0666085621317392,6.24489287790962,80.4663965721342
"542",2014,"WMC05S01@WA","Random",94,32,14,551.075439029547,10,31.25,14.8936170212766,5.8625046705271,85.4280609192913,46.7808480546143
"543",2015,"WMC05S01@WA","Random",62,31,8,151.085131906336,6,19.3548387096774,12.9032258064516,2.43685696623122,70.9036480183644,56.915752993258
"544",2007,"WMC05S01@WA","Random",62,31,5,1.38293700389386,3,9.67741935483871,8.06451612903226,0.0223054355466752,2.18187586322941,92.6185133014131
"545",2008,"WMC05S01@WA","Random",155,31,15,85.3803026223824,7,22.5806451612903,9.67741935483871,0.550840662079887,35.5188431377041,75.0651807956084
"546",2009,"WMC05S01@WA","Random",155,31,13,27.4382663484574,5,16.1290322580645,8.38709677419355,0.177021073215854,15.0397539384913,86.3775194001507
"547",2010,"WMC05S01@WA","Random",88,31,11,31.9361034463133,7,22.5806451612903,12.5,0.362910266435379,26.627597969788,78.5893703144759
"548",2011,"WMC05S01@WA","Random",124,31,16,75.3176439408864,7,22.5806451612903,12.9032258064516,0.607400354361987,37.7877454558033,73.5146837045297
"549",2012,"WMC05S01@WA","Random",103,31,10,2.85752441366599,3,9.67741935483871,9.70873786407767,0.0277429554724854,2.69940604552537,91.933396385551
"550",2013,"WMC05S01@WA","Random",93,31,7,1.92593677086003,3,9.67741935483871,7.52688172043011,0.0207089975361294,2.0288836079743,92.8252335114023
"551",2014,"YLE01@VLDYE","Targeted",155,31,20,5.76991561734022,6,19.3548387096774,12.9032258064516,0.0372252620473563,3.58892744030146,86.4105933397987
"552",2015,"YLE01@VLDYE","Targeted",78,31,10,2.28475802084941,4,12.9032258064516,12.8205128205128,0.0292917694980694,2.84581790762336,89.3702092929377
"553",2007,"YLE01@VLDYE","Targeted",62,31,11,9.51333741000462,8,25.8064516129032,17.741935483871,0.153440925967816,13.3028855239438,80.3549505290467
"554",2008,"YLE01@VLDYE","Targeted",155,31,16,3.89347178507648,7,22.5806451612903,10.3225806451613,0.025119172806945,2.45036611091417,85.5953477411097
"555",2009,"YLE01@VLDYE","Targeted",155,31,15,6.75407084622704,7,22.5806451612903,9.67741935483871,0.0435746506208196,4.17551831053938,85.6123969221105
"556",2010,"YLE01@VLDYE","Targeted",155,31,14,2.18760055132763,5,16.1290322580645,9.03225806451613,0.0141135519440492,1.39171317817355,89.2966610238691
"557",2011,"YLE01@VLDYE","Targeted",156,32,15,7.98842162950425,6,18.75,9.61538461538462,0.0512078309583606,4.87133271369142,87.5130008070333
"558",2012,"YLE01@VLDYE","Targeted",164,31,21,5.06737846127652,6,19.3548387096774,12.8048780487805,0.0308986491541251,2.99725382116643,86.48962942662
"559",2013,"YLE01@VLDYE","Targeted",155,31,17,7.38901849766455,6,19.3548387096774,10.9677419354839,0.0476710870817068,4.55019592212809,86.8897536484219
"560",2014,"YLE01MIROUT","Eliminated",93,31,6,1.95354982466916,2,6.45161290322581,6.45161290322581,0.0210059120932167,2.05737418798599,94.5998599066992
"561",2006,"YLE01MIROUT","Eliminated",61,31,9,17.664338796939,8,25.8064516129032,14.7540983606557,0.289579324539984,22.4553324506255,78.4904691907805
"562",2007,"YLE01MIROUT","Eliminated",151,31,14,6.56966003553785,7,22.5806451612903,9.27152317880795,0.0435076823545553,4.16936866783627,85.7023744240206
"563",2008,"YLE01MIROUT","Eliminated",155,31,24,38.4058560012249,12,38.7096774193548,15.4838709677419,0.247779716136935,19.8576489850347,73.3376624918749
"564",2009,"YLE01MIROUT","Eliminated",155,31,17,12.4036214306,7,22.5806451612903,10.9677419354839,0.0800233640683873,7.40941045635752,84.8880129712315
"565",2010,"YLE01MIROUT","Eliminated",155,31,33,50.1913352475744,12,38.7096774193548,21.2903225806452,0.323815066113383,24.4607479097574,70.8441271711905
"566",2011,"YLE01MIROUT","Eliminated",156,32,20,28.6978773166511,11,34.375,12.8205128205128,0.183960752029815,15.5377407329109,76.9962271528374
"567",2012,"YLE01MIROUT","Eliminated",164,31,14,5.60798065271894,4,12.9032258064516,8.53658536585366,0.0341950039799935,3.30643677917584,90.8655645099084
"568",2013,"YLE01MIROUT","Eliminated",125,32,10,4.05756589965227,4,12.5,8,0.0324605271972182,3.14399692212326,91.2412288024109
"569",2014,"YLE06S01@ANT","Targeted",62,31,8,3.23859729290609,5,16.1290322580645,12.9032258064516,0.0522354402081627,4.96423501928704,87.7347506627226
"570",2015,"YLE06S01@ANT","Targeted",78,31,11,1.55651411592468,4,12.9032258064516,14.1025641025641,0.0199553091785216,1.95648858326878,88.9060818574748
